"src_machine_id","count"
"70e27a71",38800
"733cb02c",38743
"2934ef3b",38729
"8bca0632",38717
"5a24daeb",38709
"655b0ee1",38706
f13c4dc9,38699
ba3305e5,38687
"0c7cbf40",38681
"54bb3f55",38675
c3504bf5,38674
"3bfc96ee",38673
"03c3b327",38672
"04d32fbb",38665
"32545512",38664
"34e4461c",38660
dbb6947c,38654
"5077c7b8",38653
ab1a37cc,38650
"67c1383d",38639
b937e826,38637
"54a78688",38634
c8e4edd7,38633
fae1a7e3,38631
"897e7269",38630
"94f397b8",38630
"74fd89e9",38626
"351bcbee",38625
"42560269",38620
"72cd3947",38620
cd012234,38609
"16258c4d",38606
"627c4102",38601
ac66fbd1,38598
"296069e5",38594
"55e194c7",38591
"26670f08",38590
"181032a0",38589
c94f1d58,38588
"6891a5a2",38585
c93187d1,38581
a0cc8597,38580
"5afac389",38579
"62cf1771",38578
"66b18b67",38573
dce5434a,38568
"991e6054",38567
efdf9a64,38567
"81bd532d",38565
ad363c07,38565
"191e5ce0",38564
"96988ea1",38564
ba38bb73,38564
"9d8dcdc2",38562
ed341357,38562
"3155b11b",38561
ceb92e41,38559
a97df8cd,38553
"21ce98e2",38551
"3132a938",38549
a6ab0f20,38547
f9675c23,38546
b7b7a2a0,38545
"6a084b0a",38543
"2ef846c8",38542
e40dc506,38542
fdbbee19,38541
b2628c60,38540
f3167c24,38540
f0221531,38538
"874af816",38535
fcaa12fe,38535
"263fdcd9",38534
a9069bc0,38534
bb02be67,38530
"190fe251",38529
"2cdbf469",38529
eef696e2,38529
d48bafb7,38528
"509c6767",38527
"3662dbc0",38526
ba97c642,38524
d0112348,38524
"41d987bb",38523
b6170b61,38523
"031e8493",38522
"04571408",38522
"1738a5c4",38522
"4d74a647",38521
"67a809dc",38520
d0ad0814,38520
"458bee6e",38519
fb8f004b,38519
"010ae8ab",38518
"9d28c73d",38518
c1eb0bf7,38517
ee5bdbee,38517
"3ff59af2",38516
"4953cfcb",38516
"8ebb0477",38516
"1fbf90ec",38515
ac8fb911,38515
"061e3d4b",38514
"57373e07",38514
"1065895a",38513
"5af8e1bb",38513
"89208198",38513
a7a5fd88,38513
f554f9fa,38512
"0ab03d37",38511
"53ef1877",38510
"7daa90e7",38509
"825dcf97",38509
"2facebfb",38508
"658220df",38508
d232ff35,38508
df0eac99,38507
ead6127f,38507
"6c3ac5f6",38506
"5f86f1be",38504
"700bdc21",38504
"6dc8f159",38503
d33250b2,38503
"2b528cc0",38502
"7adb3a7c",38500
ea552aed,38499
"442e1ebc",38497
"4c95c1e1",38496
"83626c14",38496
c042c778,38496
"5c39aab4",38495
"9bb8cdeb",38495
ca6b80df,38495
"100aa27a",38494
"7b537c7c",38494
"158f9a21",38493
"1b918833",38493
"2680dc0b",38493
"5ee527f3",38493
"38f026f6",38492
"6686607d",38492
"89ea9c55",38491
cc4e5719,38491
"3371ade7",38490
e1596daf,38490
"6c2764b2",38488
"2a433393",38487
"475f36f8",38487
b85bb196,38487
d2a50c3f,38487
"67bfa403",38486
e1c61bc5,38486
"764f8218",38485
"842feccd",38485
"04769e69",38484
c35604c5,38484
"341e95d0",38483
"5963e602",38483
"9f211982",38483
"218ef3ac",38482
"4d7819e8",38482
"560d5078",38482
"9611f44c",38482
"15e715d0",38481
"2ae86725",38481
"38bce65b",38481
"40cebdc1",38481
"8a5d0386",38481
"93bdaa40",38481
"31abcdc2",38479
"0b9d564e",38478
"4ef61cfc",38478
"9fa0ed74",38478
"3ab5252f",38477
"7c93b3ff",38477
dbe29986,38477
ecd4395c,38477
"9b359bbd",38476
b6a73df9,38476
"50509373",38475
"7300c983",38475
"78abef1c",38475
c9627c22,38475
cd36bbc8,38475
"3245e1ee",38474
"031772ee",38473
dde642df,38473
"79e35c3e",38472
d95a3664,38472
eb7de891,38472
f6edff4e,38472
"07a2fb5a",38471
"1611c60a",38471
"23d08a96",38471
"259c47c7",38471
a4817ccc,38471
ab9f8635,38471
"6c800614",38469
"42182e68",38468
c08f8e02,38468
"2a9b95bb",38467
"85c9c80b",38466
e78dc2d8,38466
f371d2e1,38466
"4fbba1bb",38465
"740d9194",38465
"87dc00c9",38465
"8f111d2e",38465
"91050afe",38465
"9516cd93",38465
"96ba4837",38465
de226710,38465
fa4e5391,38465
a9f1f4a4,38464
"0666de25",38463
"11524d26",38463
"1e2bda9c",38463
"66716cfb",38463
"68a02faa",38463
"00ab5698",38462
"99dda6ae",38462
"36063e99",38461
b1a1f538,38461
"5417d716",38460
"4e3d8c45",38459
"5175bc3b",38459
"7c646a74",38458
"0ee95e3f",38457
"7586879f",38457
cb2309b9,38457
de274312,38457
"71a3e4b7",38456
d4890fb3,38456
f89a3dd1,38456
"38bb1d0f",38455
"7ecb21e0",38455
"5560760a",38454
"90d47930",38454
f68dab6b,38454
d4775fe9,38453
fb212100,38453
"226641cb",38452
"26e72c1e",38452
"572c5469",38452
"71b7a56e",38452
"7ad5d22e",38452
"9c21445c",38452
"5a7ed61c",38451
"69306e51",38451
ba3ce8d2,38451
bf030946,38451
"2158b883",38450
dd9c2e82,38450
d59b4f86,38449
fbefda38,38449
"0493f764",38448
"58947ca2",38448
"5a726892",38448
e21d2b21,38448
eaa507ef,38448
"4a698e48",38447
"4be2daf8",38447
"7873b16b",38447
"041e236a",38446
"33d38add",38446
af582745,38446
b70f2f1a,38446
dfdf21ed,38446
f0acf998,38446
"03dc8082",38445
"43758d56",38445
af8ac2b9,38445
"69c9385b",38444
b9ddc005,38444
ba2b1c0b,38444
"21f273a9",38443
"2cfc5b11",38443
"35e4b671",38442
"917d9670",38442
bb5fafb4,38442
"21900923",38441
"807e5da5",38441
f18e6c4a,38441
fec96200,38440
"93b62c36",38439
b015deb9,38439
e8a55c57,38439
"3c20d98d",38438
"0001f534",38437
"0165c23a",38437
"271146d2",38437
"44324902",38437
"9f6ae76d",38437
"48d2bfcd",38436
"6a5bc6ac",38436
d5edb36b,38436
a4f74796,38435
aea84a21,38435
"1dfe3533",38434
"6b9bc1c9",38434
"1927e1c5",38433
"0345a934",38432
"078a0407",38432
"1831dce8",38432
e7199282,38432
"086b7522",38431
e1ca3d5c,38429
"18c8829a",38428
"99b8f377",38428
ef4559c7,38428
"240377b3",38426
"2625ce48",38426
"4da4d061",38426
e6c8861c,38426
"30dde51f",38425
"8cf5cbfa",38425
d58a5078,38424
db494fa2,38424
"6f9d38e5",38423
"87d6c00c",38423
"8917aab0",38423
"9a7b7df9",38423
d4f110a8,38423
"75fd13ef",38422
dc7eb447,38421
"8bd77671",38420
"90bda07a",38420
d7d34edb,38420
"7cb7d6d1",38419
e71e94cf,38419
"06b1e329",38418
"24c788ad",38418
"764db3cc",38417
"11856a55",38416
"17f0dc48",38416
"1a12a9b1",38416
c10380e5,38416
fb2eb53f,38416
"1cb96679",38415
dac53061,38415
edaf6ca1,38415
"23c55a8f",38414
ea36c553,38414
ecaa9847,38414
"287048e3",38413
ca0c0a26,38413
"79579f0d",38412
"8c9e3adb",38412
aaa601ae,38412
ec3f1a72,38411
"63a18c01",38410
"207ec76b",38409
"9618e509",38409
bccc1fc8,38409
"7e7ce201",38408
"89678ddc",38408
a6e3ade3,38408
e5d75ef3,38408
"0191ed56",38407
"03025b66",38407
"084aaf24",38407
"0c9e79b6",38407
"80139efb",38407
"8a4f44c1",38407
cb5fa726,38407
eb62b0a8,38407
"45f365e0",38406
"5271431b",38406
"560e44cd",38406
"78636e77",38406
"7d8913cb",38406
e1b66c58,38406
bfbd5a57,38405
"5e94c50a",38404
"284383b4",38403
"54bce5fa",38403
ef5354e6,38403
"0e506b83",38402
"416828fc",38402
"0d0c0f09",38401
"4403376d",38401
"86d2be60",38401
a278084b,38401
"381ce86a",38400
"47b2989a",38400
"4dedfe26",38400
"8b9c5fb1",38400
"9fd97d3f",38400
"37e55610",38399
"3b62fee7",38399
"901401a5",38399
"93e73d4b",38399
"01ef3c7e",38398
"5556bf8f",38398
"6c2e2b36",38398
"7cd7327b",38398
a4db4e8b,38398
cdd65423,38398
"660e1327",38397
"9a4958fb",38397
"5f71d37c",38396
"7bf7b7e1",38396
a4fb5086,38396
cca239bb,38396
"69171484",38395
"6ed5d97b",38395
"704c069e",38395
c8b30a91,38395
"120d45c3",38394
"166294df",38394
"20754ded",38394
"6cf03fd0",38394
"79181a59",38394
"9f9952c8",38394
b3fcadcc,38394
"1f544e58",38393
"89560320",38393
d6d9e419,38393
e2bfb2d8,38393
bdba96ae,38392
bde67814,38392
e681f3a5,38392
fad1d8b7,38392
"14dcea26",38391
"55c8510b",38391
"91724ab7",38391
d9963019,38391
"0ad6a9ab",38390
"37d92ec5",38390
"862de044",38390
"883bc905",38390
"9a92ca63",38390
bc501800,38390
c1e455ef,38390
c6d81bdb,38390
cceddc37,38390
cf4c2952,38390
"33523c0b",38389
"5025266e",38389
"59c5de61",38389
"7c4b27a1",38389
"95a88cfa",38389
afee9631,38389
"083266b9",38388
"4b42b0fc",38388
"8ddf4cd7",38388
ec7485c1,38387
f9eb1410,38387
"5ebc25f4",38386
"7d077913",38386
e9d4b558,38386
"101fa3b3",38385
"6ba16024",38385
"6bd29ea0",38385
aa9d6beb,38385
b313f64d,38385
"7105ecd6",38384
"28a148ad",38383
"46b56d21",38383
d1871fc0,38383
de0e6b95,38383
"303b7bcf",38382
"370cd594",38382
"7fccc0f5",38382
b9179460,38382
c5cd85bb,38382
e02c6c4c,38382
e5300d08,38382
e5fde69b,38382
"0f1e9020",38381
"190e42d5",38381
"2e6ef03f",38381
"86247dd2",38381
"9428b9a6",38381
"9b19b10f",38381
bb6ab63f,38381
d3057858,38381
d5018b40,38381
"17885863",38380
"3fbd8f49",38380
"6e6ce6b1",38380
"7f53cc9c",38380
"81837096",38380
"8329f36c",38380
f3bb78d0,38380
"00bde44f",38379
"34080832",38379
"4c04ea2c",38379
"2a6ae3ce",38378
"3c9c4661",38378
"9471c488",38378
c9994905,38378
d00d1b7f,38378
"1f40cffd",38377
"35aacee9",38377
"37118ad7",38377
"87709169",38377
c2ff7ed0,38377
d457209a,38377
da934717,38377
"3be12d05",38376
"6deb9ab1",38376
"8b9ba144",38376
f1ea5fbf,38376
"14782c88",38375
"45d190af",38375
"91c2607c",38375
"9d1cc517",38375
ff3a11d1,38375
"0194a9af",38374
"17919e12",38374
"5c360c3b",38374
"7423950e",38374
"98ebfe2d",38374
a98cb5f7,38374
b3d7a44e,38374
d4ecfbcd,38374
"0c7f6c49",38373
"36d371f5",38373
"6a38b0d6",38373
"87859a13",38373
"12370be6",38372
"28bb9e64",38372
"5e0b75af",38372
"5f6d6100",38372
"8b319fba",38372
bc5a4c19,38372
c37e876a,38372
ed4a5239,38372
"9999730a",38371
"49f4888f",38370
"72c69c6f",38370
bd6a84ec,38370
cb3417c7,38370
d36ebf05,38370
"8dcd8e0a",38369
b16559f4,38369
bf0a7a97,38369
e8a59c7d,38369
"19bcb341",38368
"1b7428b5",38368
"4c40dfc9",38368
"989030f2",38368
c8ef22ec,38368
d2e2260e,38368
ddd244e0,38368
"64c748ec",38367
"95763500",38367
edf1040e,38367
"11b11056",38366
"237b4a3b",38366
"2db0ab1c",38366
"3a00d487",38366
"4da28b85",38366
"5d79b266",38366
"770f4f32",38366
f1f771d7,38366
"437971ca",38365
"5d8e18fb",38365
"6288de68",38365
"9114f04c",38365
af8d2a5a,38365
b0ad1c97,38365
dbcb6aed,38365
"29df375c",38364
"4e0e3998",38364
"8655a1c8",38364
"9e149a48",38364
b7ea7522,38364
bac80fcc,38364
c3780ef6,38364
e94f733e,38364
"1e4f3495",38363
"46a4342b",38363
"5cd619ca",38363
"69509c77",38363
"9b28ef7e",38363
d31d4b45,38363
bc02a7ab,38362
"0c14fcdf",38361
"469de260",38361
"697c2ee9",38361
"6a1484b8",38361
"98775f58",38361
"98dde5ad",38361
c4413ef6,38361
d4b69b3d,38361
d9ce451d,38361
e5c258cb,38361
"292e116e",38360
"3da445d3",38360
"7237d365",38360
eb1eda77,38360
f1f60e0b,38360
"21a77789",38359
"334a631b",38359
"3c3c5e7e",38359
"4e485a0a",38359
"5a0e16af",38359
"600c8835",38359
"8ea58e1e",38359
ea72d575,38359
f2b8e91d,38359
"78fc7398",38358
"9b68a5c9",38358
def165ee,38358
a5213a90,38357
"0cb0cb00",38356
"65ab67b2",38356
a7915f03,38356
f2619025,38356
f69dc656,38356
"123ba8d4",38355
"25004521",38355
"577ef4c9",38355
"17cfc3b1",38354
"83c0e752",38354
"8fbe26ea",38354
"43e88d90",38353
"653a292c",38353
"6e53a787",38353
"8faba22a",38353
be97b65e,38353
"16bba195",38352
"20b9f3d2",38352
"26b4488c",38352
"39f47bca",38352
"4fc07541",38352
"82b276dd",38352
cbe3999c,38352
"0c24f864",38351
"5cabac6b",38351
ec138d5a,38351
febc1e47,38351
"2b46dde9",38350
"59026f57",38350
b791a9a0,38350
bdc959db,38350
f9bed53e,38350
"0fe19fa5",38349
"6ecbdc59",38349
b2c93a46,38349
f9169076,38349
"04cedddd",38348
"0d8428f4",38348
"1b0e1499",38348
"1e179423",38348
"50509029",38348
"5182035c",38348
"722f0756",38348
"0edd79f3",38347
"3a647fc7",38347
"3bfef7e4",38347
"420f2e4d",38347
ce683c3e,38347
ffc7564c,38347
"1c3f9a48",38346
"597c4db6",38346
"67b152fe",38346
"9da0ede5",38346
a5b1d98e,38346
abad2a02,38346
decfeb48,38346
"18c89c58",38345
"34e76f46",38345
"56377eb2",38345
"617d60e3",38345
"691f4d3c",38345
"7132ac84",38345
"73cfbec6",38345
"23373ff1",38344
"2a99b317",38344
"40b4826d",38344
"5daebce3",38344
b0cef5a3,38344
b148e81a,38344
d2647a93,38344
"44a2ef51",38343
"8b29204c",38343
"19149e40",38342
"55b0c942",38342
"7d771cc0",38342
b6baefb4,38342
bc09f7f9,38342
"41431d8f",38341
bdf338c8,38341
d029ca93,38341
"11c54911",38340
"3bb4586e",38340
a6edbbde,38340
b73b228b,38340
dc8735cc,38340
"1aacbeb9",38339
"2cf003fc",38339
"3f2753eb",38339
"757dd170",38339
"8d4a5bb5",38339
"97a2c532",38339
"0abeee71",38338
"0d967350",38338
"478f750a",38338
"7395051e",38338
bbd190d2,38338
bde1283c,38338
"0f763436",38337
"1ae4918c",38337
"6ff2edf7",38337
"7d650a77",38337
"862519e9",38337
"89109612",38337
c90efc2a,38337
d5f6da61,38337
d63f4be6,38337
d93197ab,38337
e54d9083,38337
f7e4e409,38337
"3e64a337",38336
"3edff7cc",38336
"4ba57b40",38336
"687170b9",38336
"85658301",38336
"969537dc",38336
f0a10477,38336
f3922e99,38336
fa5e5eeb,38336
"1e1dcd31",38335
"90760275",38335
a3106502,38335
c20995a4,38335
"50ed7e85",38334
dc016e71,38334
dd937264,38334
f10d980d,38334
"2ae227ed",38333
"3f8ca8d1",38333
"6f3e465a",38333
"718ba307",38333
af3f4664,38333
deae22f6,38333
fdf64b2e,38333
"29278514",38332
"9118c482",38332
a67550d4,38332
c31d3da6,38332
"64f67ab8",38331
"6702a017",38331
"9c99476d",38331
bf62c85c,38331
cf0d2c6e,38331
dd7401b4,38331
"3dfb8b6c",38330
"56b94d7e",38330
"7ec89c20",38330
b3d36e0c,38330
d61e5f70,38330
"03aa4776",38329
"1fc301d6",38329
"20572577",38329
cac75be8,38329
d553b566,38329
"03f316f5",38328
"45c8a17c",38328
"7090e38d",38328
"7316cbb4",38328
"9d651d1d",38328
"2bb16e07",38327
"6ca3ad50",38327
"78a8c802",38327
"8862831d",38327
f0397130,38327
"101321ca",38326
"2a59e11b",38326
"748699c2",38326
"9ec21c6f",38326
bf2bd561,38326
f7c55f18,38326
fd6cd785,38326
"1d016147",38325
"26349e3a",38325
"5117be60",38325
d3e9f133,38325
dc59df08,38325
ee31c37c,38325
"7c3d7f69",38324
b25d3e37,38324
b9f5c9ad,38324
c6c3e0ad,38324
ce0c0662,38324
"568d7473",38323
"887b86a1",38323
"06addef4",38322
"1f73a551",38322
"4e6641b1",38322
"6271ec0c",38322
"64a05eff",38322
a31b451e,38322
b8ccc109,38322
e21b54d1,38322
e99fd1fb,38322
"16e7707b",38321
"1d7552c3",38321
"1eaa9b77",38321
"4742cf25",38321
e1ccac21,38321
"48959b90",38320
"5e30e705",38320
"6a9aa548",38320
"2306c88d",38319
"32dd4e5f",38319
cc577e8b,38319
d2e415de,38319
"164d2f64",38318
"393ce031",38318
"41501f7c",38318
a85eb7e3,38318
d8a64871,38318
eed13c5e,38318
da5fe0bf,38317
"209f00d9",38316
"47bb811b",38316
"8f1451d9",38316
"3fbff94b",38315
"828c361d",38315
a81a531d,38315
ca87ca08,38315
"0cb8742d",38314
"144f90ec",38314
"1bfa4ec3",38314
"62aaa8db",38314
d313b1eb,38314
"636dee3e",38313
"7ca15a2f",38313
d3bd6d4a,38313
"46c69ccb",38312
"861a2b6f",38312
"8630856c",38312
d5af24a9,38312
f1100899,38312
"6ae99ec0",38311
"6fd8694f",38310
"86c84a05",38310
"9700e67d",38310
a403bd09,38310
bebf7239,38310
eca8e232,38310
f5ac81f5,38310
"0d3de35a",38309
"12df10d5",38309
"881e00b3",38309
"9403509a",38309
b86260e9,38309
f57ec5c6,38309
"020e9967",38308
bc27448f,38308
"0029e6a7",38307
"386138ae",38307
"5c9b976e",38307
"60b5a15e",38307
"95f7ee2d",38307
c8e8ae77,38307
"117217ab",38306
"1a27b955",38306
"2cf329a3",38306
deeb6320,38306
"019709ff",38305
"259eb835",38305
"399d071b",38305
"4e953d7b",38305
"602794e3",38305
f19ec8b2,38305
"01272b00",38304
"06ef4159",38304
"0f162c8c",38304
"73c1c748",38304
d689928e,38304
"59de359c",38303
"6711e17b",38303
"84005946",38303
"9779a045",38303
ae3f1691,38303
ea87f2c2,38303
"1f0d835e",38302
"48762412",38302
"76f8a7da",38302
a9c11438,38302
bb4b9c2f,38302
dab81e9a,38302
"075dd3b1",38301
"11255678",38301
"29b43410",38301
"5041b33c",38301
"86b82da9",38301
f40a4f14,38301
"2f1a58ab",38300
"39def7e7",38300
b4e2a0a7,38300
b528f9f6,38300
bc031612,38300
cee5ad34,38300
f91996a2,38300
"1f70c9ec",38299
"41addf5b",38299
"42237406",38299
"5900588f",38299
cbb54fc1,38299
d32cc687,38299
df2c8a1e,38299
"3f4d83e6",38298
"7711954b",38298
a07536d5,38298
ab0b381b,38298
cb1ad28b,38298
e3977bf8,38298
"0093a8b1",38297
"02b464ab",38297
"419f4aa0",38297
"6e983568",38297
cd486b21,38297
"282174ba",38296
"4f54e42e",38296
"6afce1b5",38296
a18033fd,38296
b56e8c4b,38296
"24f8bc8d",38295
"3500be62",38295
"4fea30e6",38295
"60b478af",38295
"772d7e5f",38295
"858f30af",38295
c7f9ac47,38295
d3da271d,38295
a0f138b4,38294
dc8c0bd4,38294
e69a2cbd,38294
"462cdef4",38293
"9d56fb11",38293
d0f12868,38293
f10d00e9,38293
"03c429f0",38292
"537bc695",38292
"6ccbbd08",38292
"910095c1",38292
"92d66368",38292
"966c8be9",38292
a95151cd,38292
bfe001e1,38292
c0e9b449,38292
d78f48c5,38292
dca4b51d,38292
"4d9692ca",38291
"90943bac",38291
"6bb67671",38290
"765e0521",38290
"8cf16fbe",38290
aa136c3a,38290
aaafdfbf,38290
bed38f1f,38290
"3f8ec785",38289
aca3b306,38289
"5d58ca4f",38288
"86522edf",38288
b45252ff,38288
ce44e657,38288
"127b9051",38287
"75593ff6",38287
"98757040",38287
"8dc92eb9",38286
b1e6d5b1,38286
b657f715,38286
bc1502a6,38286
c1231556,38286
"16035fe2",38285
"17888f5a",38285
"1ab90c74",38285
"7c4a2874",38285
b2c6f3e0,38285
c444b4b9,38285
dc2ce880,38285
e3f90042,38285
fe3cdd02,38285
"05a53e19",38284
"8472c7d2",38284
a9439304,38284
f9f3c48c,38284
"00b67824",38283
"18427216",38283
"21f3ba2f",38283
"54195890",38283
"5451e9be",38283
"6cc13e90",38283
"9ed4425f",38283
db359c9d,38283
e7f725b3,38283
"14b7388b",38282
"34058cf6",38282
"43f753cb",38282
"7b086167",38282
"9a464784",38282
d611f534,38282
"01822239",38281
"14fc175b",38281
"52ae23e8",38281
"5fd8e763",38281
"8794bdfb",38281
abaaa0c4,38281
c3b8dddb,38281
c5c07b83,38281
ffc48757,38281
"4afa0716",38280
"595a36ac",38280
"866857a2",38280
"908d25eb",38280
"9f74e57d",38280
cc9be170,38280
e0c9b838,38280
"282b126e",38279
"2ca5029e",38279
"5303c5ad",38279
"5746b8c7",38279
"65e72ee0",38279
"81089aa0",38279
b96f4ca5,38279
bd02481e,38279
eb6920d3,38279
"28bc5918",38278
"94e42084",38278
"9d32715b",38278
c48d7db2,38278
eb533f00,38278
"121c7ffa",38277
"2c670f76",38277
"3118d5a9",38277
"436500fd",38277
"464a9902",38277
b2bea23c,38277
b82dc6d0,38277
bd578013,38277
df4ddf65,38277
"0e512fd9",38276
"1528b7d6",38276
"4d010619",38276
"51b393a0",38276
"799a2be2",38276
"9cdc4ab6",38276
e0648337,38276
"077e3881",38275
"56799be6",38275
"5ebc8dd0",38275
"79884d12",38275
a470a557,38275
b5578249,38275
b833d1c1,38275
bc977310,38275
e9c67e5a,38275
"05dd1007",38274
a2d4a08e,38274
d4c5a8df,38274
"009cc095",38273
"80af031b",38273
"280da7e4",38272
"486977c1",38272
"6b6a186e",38272
"8b6da240",38272
c34c0309,38272
d454e3a2,38272
"24f4700d",38271
"3f9ba46e",38271
"57f7d8a8",38271
"7c6e97a9",38271
"8419b862",38271
"9940e691",38271
"0870be45",38270
c11da766,38270
fcee9f1c,38270
"0ba3ab61",38269
"4178e84e",38269
"5d58617d",38269
"85b2f3ff",38269
"97d884b2",38269
cd451fba,38269
"50737444",38268
a9dc18f8,38268
c9f6274a,38268
fdc23a52,38268
"0ebc9b87",38267
"2c0d0a0d",38267
"9bf64497",38267
aea5c67e,38267
b94370cb,38267
ce38ec77,38267
"07cdc9cc",38266
"0d91bbc4",38266
"3390e9f4",38266
"676467c4",38266
"7711f033",38266
"8d45935c",38266
"8f155e28",38266
"0420d80b",38265
"28de8c60",38265
"3eb0d2f4",38265
"680c76f5",38265
"71eda8e8",38265
"96fe478c",38265
"9db66571",38265
"9ffbfbdc",38265
a2abbdaf,38265
b8bdcc6d,38265
decb64a4,38265
e556e8a9,38265
"006ad170",38264
"5ab054ca",38264
"7848681b",38264
"87694824",38264
a71484df,38264
b90bb8f8,38264
"2ad17f8a",38263
"6c519cf4",38263
fc5f84eb,38263
"33171b12",38262
"9a41595d",38262
a514a8b7,38262
a5aa3c9e,38262
b507b80a,38262
c4b3c0a0,38262
fed01b5b,38262
ff0d6b58,38262
"212ad038",38261
"38a95c8f",38261
"398477de",38261
"3c5134f8",38261
"3ce3df4a",38261
"458e0d0d",38261
"56e64d26",38261
"5b9ef0c2",38261
"8b8ab3e0",38261
"9b2be350",38261
"9c6b195b",38261
cfdfc129,38261
ec71fa47,38261
f25158e3,38261
fa208833,38261
"06f6f2f5",38260
"5ae2de02",38260
"6537f45f",38260
fc8edb9f,38260
"03bacf23",38259
"763f8cdb",38259
c435a8e5,38259
"00504361",38258
"07fac578",38258
"3025ae2d",38258
"92ea318b",38258
"077b05a3",38257
"43ff7ad2",38257
"64b1facf",38257
"64cc878b",38257
"6fc4be8f",38257
"7cc42e5f",38257
"9c2d6fe2",38257
b64740d9,38257
b7e8b325,38257
e794103c,38257
"293bf3f2",38256
"8cf4cc53",38256
"91e0a3d3",38256
"95062516",38256
aab82598,38256
fa59cb5a,38256
"1abd4841",38255
"4d5b0fa4",38255
"616120c8",38255
"7be32180",38255
ae66f68f,38255
ce008b06,38255
d1f40fed,38255
d6c06f59,38255
dd49c236,38255
"15ebc72f",38254
"2ac1ae9d",38254
"30b773ce",38254
"6ae09221",38254
"6d2b04f1",38254
"6eb6e0ad",38254
bcdf3ee9,38254
be67ccbc,38254
d6deec12,38254
d8e8575f,38254
"1f465c7d",38253
"5c07c12e",38253
"79b364e1",38253
"9d8e8a31",38253
cf727f3c,38253
"060a0971",38252
"5ef91701",38252
"89f66a34",38252
"91feb01c",38252
bbe7dcb8,38252
f8db8df9,38252
"001d667a",38251
"173cf95a",38251
"50ca672a",38251
"77a6df4d",38251
"7853712d",38251
"81ac45c7",38251
"9a212384",38251
c13f0626,38251
fd1ef4c9,38251
"1371cd53",38250
"1d514acf",38250
"24a4e884",38250
"37bd6de4",38250
"878a3799",38250
b2101b6e,38250
bc4feae9,38250
dd4e8474,38250
eebc6b34,38250
"196347f4",38249
"52057c87",38249
"58871594",38249
"5e8bd906",38249
"6866d4a5",38249
"959d3660",38249
"9f113e23",38249
e43dbd2f,38249
e98b1582,38249
"077086d8",38248
"0dcf222c",38248
"1bf238cd",38248
"2ccd8ed4",38248
"3afd9d9e",38248
"3be0fcba",38248
"5b3c88a5",38248
"6a891eda",38248
"7ebfb716",38248
c074d6d0,38248
d528ca31,38248
e97c8f5b,38248
f5eed58a,38248
fe67d195,38248
"10686756",38247
"1d4a7fdb",38247
"328b0897",38247
"3576835f",38247
"365fb8d8",38247
"3e1a6fde",38247
"526ff274",38247
"88cc785a",38247
"9675809f",38247
abde43aa,38247
"034b6c16",38246
"0776b6b9",38246
"1b26e979",38246
"2e18beb6",38246
"37c9aa5c",38246
"3881ca86",38246
"4ee3bf13",38246
"9fb94e74",38246
"384c2c2a",38245
"43622e99",38245
b71a073f,38245
d5ff4ffa,38245
f10f7436,38245
"18e5e0af",38244
"3f73c66c",38244
"5bef7b0d",38244
"8190490f",38244
"83b64199",38244
"8817ca70",38244
"9f6aff29",38244
a6e4622d,38244
c0da7416,38244
f4ca7393,38244
f5c2e0b8,38244
"0d0dd86f",38243
"207141d0",38243
"329d4aa0",38243
"49454df4",38243
d3d111c9,38243
e2f286ad,38243
f7c3fd68,38243
"1d90fb9d",38242
"29ce9630",38242
"48fe4e3b",38242
"5a6710d9",38242
"5cea6edf",38242
"69b31a23",38242
"97ac0ccb",38242
"9869009d",38242
"9d46a345",38242
c834081e,38242
e15cd026,38242
ecd064b9,38242
f2e68d5b,38242
"0034ab8e",38241
"060ea545",38241
"19eca8b9",38241
"210775fe",38241
"32c20e0b",38241
"37783a94",38241
"392e5e85",38241
"40a900b5",38241
"48314c7f",38241
a694b352,38241
be363fd9,38241
ca9e3ea1,38241
e41a1563,38241
e562c71c,38241
fbabc01c,38241
"08d2e008",38240
"17b0936b",38240
"1bf3054c",38240
"3a120700",38240
"50b54178",38240
"81182b72",38240
daa559b7,38240
e92d6df1,38240
"1701a4a9",38239
"17817e55",38239
"6ab1d2ac",38239
"70d65d65",38239
"74f8738c",38239
"82646b1d",38239
"87d38ae9",38239
"89c4331b",38239
f2bdf708,38239
"9da6173c",38238
a5e25f92,38238
ab09cddc,38238
"0d8fd2de",38237
"2b5c07f7",38237
"37f43377",38237
"39f8ba3b",38237
"44dce3bc",38237
"605a85ee",38237
d9310d62,38237
"2d075380",38236
"3b305040",38236
"8b1dff22",38236
ea8f6e1f,38236
fb4cb20e,38236
"1326c219",38235
"78973fea",38235
dbd85cac,38235
f655358f,38235
fe81d05d,38235
"9eaad18a",38234
b1551e29,38234
b692d100,38234
c3d6f604,38234
eee03d40,38234
"017c7f9d",38233
"1e3c2144",38233
"610adb31",38233
"958138ce",38233
"9666d363",38233
edfabd56,38233
"58173cf2",38232
"89f30cba",38232
a50b2ae3,38232
be1333f1,38232
c03cd25f,38232
e5e17cfa,38232
f08653fd,38232
f1ffebfd,38232
f377f545,38232
"105d1c5c",38231
"15311cda",38231
"34866de6",38231
"473fa48b",38231
"5b42a314",38231
"3c19e7f9",38230
"53124df1",38230
"6ac6cacf",38230
"7f455fb5",38230
"80af4be6",38230
a915c259,38230
b4af6def,38230
c12d3f75,38230
dc2c1cb5,38230
df927744,38230
e4b99ca2,38230
"14244209",38229
"3a587bef",38229
"4711991e",38229
"86c13237",38229
"95225ec7",38229
d7934d98,38229
"873c5960",38228
a123bc56,38228
c70f8fa5,38228
f4f98e99,38228
"03f58168",38227
"58e56836",38227
"65b579e8",38227
"933d5bae",38227
be5b2d2b,38227
d2eec2e9,38227
"092b5574",38226
cd6f7b99,38226
d4cc0d5c,38226
d9972a84,38226
"4e054031",38225
ba024ada,38225
beaae676,38225
fb017be5,38225
"0ce1b209",38224
"0ddba0be",38224
"5c93b1ee",38224
"71f23e38",38224
"76a76dfd",38224
"287e7d02",38223
"3bf80172",38223
"94d7fdb0",38223
bedc50ea,38223
d49a2c2b,38223
f3eb8b0c,38223
"5ba79b47",38222
"8b54c21c",38222
bdce2abf,38222
c0b8243b,38222
e40dadde,38222
"5149d267",38221
"7880351c",38221
"8f4a12c1",38221
bc8dadca,38221
bf048002,38221
f2a60f13,38221
"40acaccb",38220
f13995a6,38220
"1f39ca30",38219
"555d6315",38219
"660b79ae",38219
"97dc85a9",38219
ae25f9ad,38219
f9826cd3,38219
fb566e18,38219
"4c1a930c",38218
"74c5521f",38218
"9011b9de",38218
"94c924a7",38218
"97294c63",38218
a36e025c,38218
ad41d614,38218
f2e06c73,38218
"0fd2a98f",38217
"1efb0964",38217
"357e01ad",38217
"92512d62",38217
"96845153",38217
bbcac34c,38217
d5e0726e,38217
fa5310ee,38217
"85822a13",38216
"8fdb6f0a",38216
"9e68cc17",38216
"99e41f28",38215
c804b4ed,38215
e791b97a,38215
"21ba8b87",38214
"3975809c",38214
"4d618199",38214
"5275d512",38214
"86304721",38214
"91578173",38214
e489a2d8,38214
e4c424b7,38214
"04b7620c",38213
"463b90d4",38213
"47c5d9ae",38213
"687f0d86",38213
"85f8eab3",38213
"9143af22",38213
be868104,38213
dfaad492,38213
e8a6b5af,38213
"1f236b26",38212
"2d93ff2d",38212
b69302a5,38212
cd396c17,38212
ee3f2b80,38212
fea86399,38212
"087f5540",38211
"36e6c6e7",38211
"433ac6d2",38211
"898e983a",38211
"951d0768",38211
d455e4e5,38211
dc3f03dc,38211
ebc9c20c,38211
"368ce822",38210
b33823ae,38210
"3130c065",38209
"3e3f950e",38209
"58ff21ca",38209
"5e7b0633",38209
"69f6c674",38209
d5a8a75f,38209
"2e7a31d3",38208
"6f58ed74",38208
"903558d8",38208
"96e6f797",38208
eed3ac9d,38208
"0e792ea6",38207
"54521820",38207
"8102d41a",38207
"7878f49f",38206
"83562ee7",38206
"972c8cdd",38206
f71800d1,38206
"72b0be74",38205
d9d576b6,38205
f99e058d,38205
"0b39e8df",38204
"1ffe8857",38204
"7ae6dcb9",38204
"954b0efe",38204
ac9aaa70,38204
b0c784fa,38204
"90c1d769",38203
"9585504b",38203
"16efc016",38202
"601412cf",38202
"609d5560",38202
a3a28507,38202
ae6da657,38202
"03b593fc",38201
"62a822f4",38201
"6cb7ae7e",38201
"726df97d",38201
"7389b67e",38201
"792e7b11",38201
aa39ff71,38201
"0b1a3eda",38200
"6ff794d8",38200
eda941a9,38200
"1f4fd0a5",38199
"417548d8",38199
"7df3f811",38199
be5dc11a,38199
d8daea06,38199
"001eaf3e",38198
"12eac939",38198
"6f5d684e",38198
"71f71633",38198
"9fd9bb6d",38198
a1ee19d3,38198
"23b45906",38197
"2f1439a2",38197
"89669ebf",38197
c708e9e7,38196
c98ce247,38196
df55dd68,38196
"012836d6",38195
"03e1f07b",38195
"7026d73c",38195
"76db6990",38195
c540b31e,38195
"03ab8de8",38194
"6b0bb4dd",38194
c510e3ed,38194
d3f882df,38194
"19fc9409",38193
"3c4a29ed",38193
"3fe3bb4b",38193
"45fdb0a3",38193
"4aa40b92",38193
"513b1b57",38193
"0d1aa7f7",38192
"46bee361",38192
"9ed6a7ba",38192
da415c4b,38192
dc209938,38192
"0180ea4e",38191
"7d1a6da0",38191
"80ba6ac2",38191
bb0dd7af,38191
f2b7817d,38191
f8703e4d,38191
a0fab38f,38190
"23a2404c",38189
"471c6207",38189
"4ec54e65",38189
"9d6d7bda",38189
"458e8917",38188
"4e9779ea",38188
"796c3de1",38188
"80706743",38188
"8ce65a1d",38188
d0009e00,38188
e431e6d8,38188
"17dc2957",38187
"579878e4",38187
"6859b902",38187
"83254bcd",38187
ac8d8c4b,38187
b7b7c839,38187
"02fe4757",38186
"23f638cf",38186
"749d335d",38186
"74db633a",38186
"7623e997",38186
e62ae5e1,38186
fa15cadd,38186
"2e0dd337",38184
"367f2f7c",38184
"38b555c6",38184
"3ddb58dc",38184
"85898f61",38184
ab5384d5,38184
ada42f31,38184
bc5a91a8,38184
f2ee2033,38184
"7a36d650",38183
a8cc2f01,38183
"24d45f8a",38182
"986ae739",38182
"06839a53",38181
d6083f05,38181
"91ef92fa",38180
"27803588",38179
"5da43f5a",38179
"76d7a933",38179
"82323462",38179
"84324853",38179
"0d9500df",38178
"90d55c8f",38178
afe166d1,38178
f8f6f81c,38178
fb5def8b,38178
fd5c11f0,38178
"2bd8eeee",38177
"3df07886",38177
"5e792a94",38177
"70e5d6ae",38177
a1cda88a,38177
a3916064,38177
ddec80ba,38176
fcc16411,38176
"03d5d996",38175
"0860feb7",38175
"81633373",38175
"84984e32",38175
"4a7a2f30",38174
d3c3a1c9,38174
d897949a,38174
e9115f44,38174
"367dc0d2",38173
"40cd1694",38173
"8485839b",38173
"9402983a",38173
"9f64fad4",38172
d2c02edf,38172
"3e3b49f1",38171
"9f76063e",38171
d13fce9d,38171
fa410f73,38171
"3d0d6601",38169
"9dff6fa6",38169
"9f92c215",38169
fe01ea18,38169
"17c9d9c5",38168
"4f3d1645",38168
"51cf370e",38168
aa7ca3a9,38168
"01879ddf",38167
"14d6ff4c",38167
"1d597b7d",38167
"30a047b5",38167
"3b4ddbe1",38167
"7ee31aff",38167
a29edcf0,38167
"0b2769a0",38166
"6ccb6996",38166
b26cd310,38166
cf625dca,38166
dd341b1a,38166
"43dba24d",38165
"6b90414b",38165
"8bca18fc",38165
a0af320a,38165
afa9f6f7,38165
"0c3c6717",38164
"25ee0437",38164
"49412901",38164
"553f0704",38164
"5db60c45",38164
"94e51c70",38164
a1318b19,38164
c9c7be84,38164
eff99470,38164
"0072fe89",38163
"03777e88",38163
"698a5f25",38163
"6c66893c",38163
"6d39fac1",38163
"88e1640c",38163
c712ef9e,38163
d65c5190,38163
"1dc8bf55",38162
"2e5fd93f",38162
"2f46a620",38162
"441e3c96",38162
"4a6c0a4a",38162
"9da249c4",38162
b62feb1d,38162
c63217e5,38162
ee20fe57,38162
"2ed0d431",38161
"570177a2",38161
"5b4ffaf1",38161
"71cd1418",38161
"8b0d891b",38161
a732bd70,38161
bfed647c,38161
"407179e9",38160
"69119a92",38160
"7ad9d9be",38160
a5b80417,38160
c742562d,38160
"2e7e2993",38159
"3b65f136",38159
"616cddcb",38159
"792f3819",38159
b58ba1a4,38159
c065bc31,38159
ea4f29c2,38159
df304ebe,38158
"13adc4bc",38157
"63fda3e2",38157
"71a67f39",38157
c28a5193,38157
dd9f1934,38157
"14a3a676",38156
"4552c055",38156
"45f6c187",38156
"8decd6d0",38156
"9447be43",38156
b8b8b9f5,38156
dc10f794,38156
e0dcbdb2,38156
"1be7cae4",38155
"22fb205b",38155
b71041c9,38155
c14d4b26,38155
c515b7ef,38155
fd186b34,38155
"2ae400a3",38154
"677fabc2",38154
"806030af",38154
b3308ce0,38154
"067a64ec",38153
"1f400a6f",38153
"5c04c0e6",38153
be60cfb6,38153
fcce229e,38153
"307661c6",38152
"5fc2aba6",38152
"7be15723",38152
"92b09be1",38152
"9f0daefa",38152
"4bd7631e",38151
"771e98af",38151
"9a6dbce0",38151
e162e180,38151
e5e11b31,38151
"5cb1f5c9",38150
"658dd7cc",38150
b7e8e755,38150
"064ae7c2",38149
"07f8c98f",38149
"544a5f32",38149
ae52dc45,38149
fe76fd72,38149
"5d1b0892",38148
"6e7ed6b2",38148
a2f83e05,38148
cbb0e436,38148
"12590f0d",38147
"899e045c",38147
"8bc8499a",38147
"07f2f80a",38146
cb054f9f,38146
"1ccee3ff",38145
"79cdbffb",38145
"7acda5ec",38145
"80eb20f9",38145
c57f9147,38145
"591da358",38144
"78d3922c",38144
"7f17d646",38144
"8ab26762",38144
deda96b9,38144
"6c7577d1",38143
d8a1ea84,38143
"9099abc6",38142
"91227c70",38142
"369e402a",38141
"416963f6",38141
bc5fa7e9,38141
"5711e124",38140
"670a2fcb",38140
"97837c3d",38140
dc125706,38140
f702772b,38140
fbb475ae,38140
"37245388",38139
"6cd08a96",38139
ed65e9bf,38139
fbec19cc,38139
"02546bea",38138
"1ef2f7e4",38138
"77f0b198",38138
"926c6e33",38138
"94ec4c8f",38138
bfd3f150,38138
"27649530",38137
"9a7d65f5",38137
"1c0f6006",38136
"52025c9f",38136
afab5dd9,38136
c886def9,38136
da1322ee,38136
"36b2711c",38135
"38ac2d97",38135
cf80d136,38135
fb885fbe,38135
"1aa595ad",38134
"4c756f93",38134
"82a7f23f",38134
f2decd7d,38134
"0f8ba66b",38133
"544fa0af",38133
e388b115,38133
fa03b6db,38133
"35e99dbd",38132
"4840d013",38132
"5fe02ac2",38132
"65232284",38132
"7c8c06cd",38132
e996ecca,38132
"0cb61e54",38131
"31a02eeb",38131
"34a2988a",38131
"3fdbb605",38131
"41fbf502",38131
"4369fae6",38131
"624fcdb3",38131
"62e2113b",38131
"74970243",38131
"789bfb68",38131
"145879ce",38130
"4c9d9ee2",38130
"77ccfa0f",38130
"7f54928a",38130
b995747c,38130
bf5ac1a1,38130
df2b49fd,38130
e04bb443,38130
f55534ba,38130
"2eea54cd",38129
"47c39797",38129
"9f64656e",38129
ceec7e8b,38129
ed52b4fd,38129
"1d4f610b",38128
"40f259fc",38128
"611d79f5",38128
b0f66d80,38128
c1f7075e,38128
cb6fb331,38128
d4a91884,38128
ed0224f0,38128
"1a192a9e",38127
"633fe4c6",38127
a8def78a,38127
bc0925b8,38127
"0e4873f3",38126
"7bceb434",38126
"87eb7e68",38126
"8cce4537",38126
e7dec78f,38126
fcca174f,38126
fd653db9,38126
"07b4029f",38125
"38b7a2bd",38125
"7341e832",38125
"81cf4cf3",38125
be8b9342,38125
c075b0cc,38125
ef9b167c,38125
"45623128",38124
"5dc00b22",38124
a7b4d30b,38124
cbe06643,38124
d922ef27,38124
e2f1150b,38124
f188d73b,38124
"8b16b2a6",38123
"95ae935e",38123
f34a795b,38123
"3208f8a8",38122
"6d2574ce",38122
eb3672e6,38122
"0b0513c9",38121
"2ae1bf02",38121
"2e45b57b",38121
f4a2caa8,38121
"2e03ac00",38120
"3029a574",38120
"53ad2dcd",38120
ff573dd4,38119
"01481c72",38118
"2df56d05",38118
"40d54e66",38118
"4eb92bc1",38118
"7412c747",38118
b0704375,38118
fd514732,38118
"351d13fe",38117
"650def9c",38117
ecc80f94,38117
f3c415a6,38117
f4d0a4da,38117
"23fd3349",38116
"4da75b1c",38116
"55507c95",38116
c7e76f4a,38116
de0d56d1,38116
"700665a6",38115
fa509120,38115
"00872f6f",38114
"10986979",38114
"6b78ab29",38114
"81df91a6",38114
abaf8b5d,38114
caad667e,38114
d1a171b6,38114
e9559a28,38114
ee141c39,38114
"7d879833",38113
a68d44a3,38113
b5fb20bf,38113
eaa9634e,38113
"6fb7503b",38112
"836aa66f",38112
e8664453,38112
"937210fb",38111
ce3b65bf,38111
"73c634b1",38110
"8c1271cc",38110
"0bee54a3",38109
"5718107e",38109
"5e3c67b2",38109
"8a9036d8",38109
"040959d1",38108
c09a316b,38108
e4de0e16,38108
ec49115d,38108
f994329e,38108
fedd9ef6,38108
"8a4c19eb",38107
"9d17e9c6",38107
c25ab282,38107
f83b22a2,38107
"16833d5b",38106
"3b89cc0a",38106
"7aaee66b",38106
b711fcb6,38106
"1daadb77",38105
"581b9c21",38105
bfd34da2,38105
"590db5ae",38104
"9a227a04",38104
e1212f06,38104
c5601d78,38102
d1ca94a3,38102
"124d2426",38101
"35b30dd9",38101
"5b60df03",38101
a09974e3,38101
bcea119a,38101
"5ab9fa53",38100
aa72853f,38100
"35d8fe6e",38099
ce4a4b8a,38099
"3d9c983b",38098
"5df7554c",38098
"6a70edf2",38098
"74892299",38098
a1428186,38098
bae712ec,38098
f095f528,38098
"3b572bd8",38097
"88b64d36",38097
"8f823191",38097
a2d224e8,38097
"09a94eb7",38096
"4a3f9e8e",38096
"6e3a97df",38096
"7ed6122d",38096
b38e2c47,38096
"09d56d45",38095
"1059305a",38095
adf6dfc9,38095
e42146ef,38095
"40f610a6",38094
a78cc0d6,38094
eb7c51bc,38094
"248c2a76",38093
"302240a9",38093
"2053f684",38092
a7cdce2b,38092
c745c4ce,38092
d618a31c,38092
b9268a3b,38091
ccaf3d94,38091
"1a3336b0",38090
"4eb9de33",38089
"8cf9c651",38089
f48e82dc,38089
"5053469e",38088
"346447ad",38087
"5b83d809",38087
"5f136a1f",38087
"784b7793",38087
"89dc86e4",38087
"00f03c2f",38086
"7936f59b",38086
c11d350e,38086
"0c608ec4",38085
"3d8b1fd8",38085
"709466a2",38085
"8ef52d93",38085
e518c9cb,38085
f03d84ca,38085
"1e2effe9",38084
"85ad6463",38084
"867ec75b",38084
"8ea7745b",38084
d5e43fbd,38084
"5cd58770",38082
"6a04b102",38082
d4277225,38082
"84e7ba8c",38081
b1a69d75,38081
d90d78db,38081
"06b5e021",38080
"879d63d5",38080
f504b655,38080
f6fbad95,38080
"4914b6a3",38079
"94fa28a2",38079
be2ab2a2,38079
"0ae9aefd",38077
"97293d7b",38077
cb529253,38077
e2f05f2e,38077
"0ff2c113",38076
"81c8aa4d",38075
"93f0bd05",38075
b68810a5,38075
fd5de05e,38075
"6c1a0059",38074
"857b5f6b",38074
b90ce407,38074
"2838b311",38073
e5abdf37,38073
"8a55a691",38072
e31271ce,38072
b2a0188c,38071
bfd6a50d,38071
d01c7e68,38071
d22e73f0,38071
f618156e,38071
"39cf4959",38070
"5974acce",38070
"6a6c23af",38070
f0999a6a,38069
"11bd23e2",38068
"8d0b7956",38068
"8ecbd062",38068
ebd178b9,38068
"0b25e650",38067
"1873f7d9",38067
"36e89f81",38067
b431a1b7,38067
"939169f5",38066
"2010b80b",38065
"73c3b17a",38065
"8213d0f9",38065
cfb27f1f,38065
fb47fdc8,38065
b445e29c,38064
ec7cefa9,38064
ee16ccaa,38064
fa3e30a4,38064
"3f7a7327",38063
"9c0310e6",38063
"3282fc28",38062
"36c11076",38062
"197b77a8",38061
"048f89fc",38060
"0bbabfb2",38060
c5b7b0ac,38060
"804a7321",38059
e473c8f0,38059
"3c7d679c",38058
b9c0273a,38057
"2178b181",38056
"260845e3",38056
"7d035440",38056
"994419df",38056
"3df3fd9a",38055
"4e092ec1",38055
"69f47be4",38055
c22a760e,38055
"48119e5c",38054
"6a118d49",38054
"880ca01b",38054
fe052079,38054
"8cbc4abb",38053
"149a6037",38052
cc4dc745,38052
"66dba74b",38051
a4e9f88f,38051
a56f9ee6,38051
"6a1567a8",38050
"9df4846e",38050
"17d5cfd9",38049
"731196f3",38049
"1f73e1f1",38048
"5253cf72",38048
"6a75cac9",38048
e8d754a2,38048
b511e424,38047
cd21afc2,38047
"17ee9b01",38046
ebef974e,38046
"859de43d",38045
"91655473",38045
"45789479",38044
eacd0dd3,38044
"1c3242e9",38043
"2bb4f4cf",38042
"81852562",38042
"8dd725a1",38042
eba35673,38041
"00d67545",38040
"6cae1d4f",38040
c38e6468,38040
"058ec3be",38039
"53b29fe9",38039
"7ef6b331",38039
f64314de,38038
"1644e3d8",38037
"06bfd53f",38036
"324da379",38035
"61dc555d",38035
"693a903b",38035
a9bbf549,38035
"3547fbe3",38034
"7e080cc8",38034
ba9ddbba,38033
b744a474,38032
c53e60a6,38032
"269c3219",38031
"3e91fdeb",38031
"3e895644",38030
"7f18e298",38030
"8fadb3a1",38030
a0e3ca07,38030
d545ba10,38030
"5acb37c7",38029
ddc3ad47,38029
"49ec36d0",38028
"3dca60aa",38027
"02c15bef",38026
b8791aab,38026
cd9038fe,38026
"8822b90d",38025
a6b8fb80,38025
ee4b09ee,38024
"742eb67c",38023
db68dfa7,38023
e4f9115a,38023
"8a2832ef",38022
e7a344b2,38022
"07c67bd3",38021
"2254bff5",38021
e97b3d1a,38021
"7639736d",38020
"967a8e8d",38020
c137df68,38020
"01dec6d0",38019
"226d5b53",38019
"4804d177",38018
"566ce7db",38018
c9e476a9,38016
ea937e6d,38016
"81f0500a",38014
"0eab271e",38013
"77c36721",38012
f6a9ff08,38012
"5e11dc6e",38011
"75a474b3",38011
"36e5ed4d",38009
aa99edbe,38009
b83c0e16,38009
bc0fb0e6,38009
df5c3fd7,38009
"2608a497",38008
b11fac42,38007
"5e5ac4c2",38006
"9d5f62b2",38006
a4d246e6,38006
a72a86fc,38006
"03f0112f",38004
"05552247",38004
"8ef301c1",38004
cd45c15f,38003
d563e905,38003
dbc6b192,38003
"95a98ee5",38002
"14af3452",38001
"8caf0f5e",38001
"2bdab7d3",38000
"5ea66c76",38000
cf0e44d6,38000
"1766ccac",37999
"47c89402",37999
"8612317c",37998
d880f5f6,37998
f1407a41,37996
"3ab4d21e",37995
"45b258e7",37995
"67614158",37995
"35ec30ad",37994
"632ce82f",37993
"72c4041e",37991
"98b601aa",37991
"12f0f2d3",37990
cdbe2dbb,37990
"0771df3c",37989
"588e36f6",37989
"28e572b8",37988
bc9366a7,37988
bd371fd5,37988
d9f43298,37988
f1ae9bde,37988
"2a6c86f5",37987
"86b66aba",37987
"3905ec91",37985
c491f63e,37985
d1b69f3f,37985
"48de9890",37984
fd4203c8,37984
feec4344,37984
"5240fc60",37982
f84081bb,37981
"4e4e1267",37979
a3a1cbeb,37979
"17f3e350",37978
"383844a8",37978
"7f3862ef",37978
"53144cb7",37977
"153c7b26",37976
"122c29e4",37975
"68756555",37975
a390bbbd,37974
"49b28df5",37973
"33054d6a",37972
"74a3ce30",37972
"9be531da",37972
cee328c7,37971
e1fa2276,37970
ebecd618,37970
"1461ac70",37968
"4523a2b0",37967
a7c28298,37967
ce11e14f,37967
dde8f49a,37967
"24a0da47",37966
"398cf8e8",37966
cc1e9d69,37966
"91cb0744",37965
df2ba07c,37964
e8706182,37964
"1a22dae6",37960
c963693a,37960
"28b695d1",37959
"5109aa1a",37959
"51106c88",37957
"6e4f7f77",37956
"4adcbe71",37955
"5928dbdb",37954
"6f03df76",37954
fb19c65d,37954
"79980f26",37953
"8022be7d",37953
"9cbc7dc0",37953
c5afda47,37953
be52fa81,37952
"04235ac7",37951
"3d20ff4f",37951
"8fd137e9",37951
c40f5441,37951
"028ed49f",37950
"334b5794",37950
"83965826",37950
b69e35b2,37949
ca5408bd,37948
e04d7560,37948
"5e51439b",37947
"1f2419c3",37946
"70d69c4a",37946
"7cfc6282",37946
"6e700546",37945
"45191d73",37944
d14eb857,37944
"9f12d125",37943
"09829454",37942
"24203a50",37942
"25f81338",37942
"2c1a0e0c",37942
"79fbc3a5",37942
"953cbb9e",37942
"43035f86",37941
"4d3b24cd",37938
"53d795d0",37938
"9bbe3625",37938
fde184e6,37936
"592c578b",37935
d657fe28,37935
"94696f7b",37934
aa3c99b5,37934
f9ff044e,37934
"33762410",37933
"16d4c068",37932
"7356ea5b",37932
"12493e21",37931
e783bf0f,37931
"87d67063",37930
"9969ffc5",37929
aeeb8919,37929
"0483adc0",37928
bb8579d3,37928
"83ab1150",37927
a75e208c,37926
d0a19683,37926
"6c4b2808",37925
aa1e079a,37925
"7df37c0c",37924
"59e7691d",37922
"6394e848",37922
"998c1d06",37919
"691e8476",37918
"1c80d0b7",37917
c5f8f12c,37917
"0fe77c73",37915
"24022f92",37915
"35281d5e",37915
"957f1dcd",37915
d2f65f93,37912
c0e40c66,37911
fd0788e7,37911
a3d1cc64,37910
ee2dce1f,37910
"00bf8a2a",37909
"4aa43389",37909
"96a00762",37909
a310ec97,37909
d47d6ebb,37909
f65f4bd0,37909
"3c451af4",37907
"3d7b842e",37907
b336a9b0,37907
d1ee799f,37907
"5712446a",37905
e2b5230d,37904
"823cb13f",37902
"386ee7d4",37898
"4a36bd69",37898
"4d14cfee",37898
"5a4dc3f2",37898
"6dbd5f85",37897
"9d763a5d",37897
"9255fbe8",37896
"64cdfde3",37895
"034de9b1",37894
bad3e327,37892
"5a8315e5",37891
"5b020844",37891
e9965dd7,37891
"83422435",37890
"90251863",37890
d1409674,37890
"51a98ed3",37888
ab3ca0b8,37888
"7a28d671",37886
bb3b510b,37886
e3c9e8ce,37886
b9628563,37884
d1976490,37881
f94a03b8,37879
"1e058af6",37878
da0cde7a,37875
"15a4a8ad",37874
"9125b0ec",37873
"8a583a53",37870
"90c8626b",37870
a85cec16,37870
c7832816,37870
e41a5980,37870
abdc5396,37869
fcb4615f,37869
"1de7d96a",37867
"4fde7f0a",37867
"87b7e5be",37864
"99efbe01",37863
a30ef297,37861
a8d1c72c,37861
b5d968ea,37861
"35e64b67",37860
c028f2e5,37859
c75a5ee4,37859
"28a94af0",37857
"482d1183",37856
"5d61631e",37856
ba66158e,37851
"742015ef",37849
"2f97e671",37845
"5a505697",37845
b27ad5db,37845
"686a43d4",37843
"6a7d9356",37843
"15def54c",37841
"36e31f82",37841
c22caf44,37840
"2cae4c24",37836
d33914a7,37836
"4f82d3de",37833
d352110d,37833
ebdc2e22,37832
"71789a32",37828
"78fff785",37827
"41c4f535",37825
cdb5a1eb,37824
c1f28145,37823
be022b4d,37821
b0a5f9d7,37820
c4d9e2ef,37819
"75e38393",37814
b23d4e62,37810
d9ea79dc,37810
"69ad8328",37806
"6e3c381a",37806
e6093f25,37806
"2b3c12f8",37803
"9bd55e28",37803
ee985f5b,37803
"9d773d1a",37801
"2a7f6a05",37800
"259befcc",37797
"1e954bc0",37791
fac2e921,37791
f7efd880,37789
"58c64d91",37787
a2f24187,37787
"3a6f2652",37785
"6069d676",37783
"8f886dd2",37783
"22b395e9",37781
"1f09955f",37780
d787dd29,37779
"1969200b",37775
"52abfaad",37773
"5f346757",37768
"41f2a4e2",37765
"60526198",37765
"683299dc",37763
d2db2bfd,37760
b7431017,37758
"78c49b47",37751
"808e0121",37751
"629a5e46",37747
"36329248",37745
"23a73627",37743
a033e1be,37739
"0fec3a3c",37738
"28f33b43",37738
"34310b13",37736
"946fc43b",37734
"33c6541d",37733
"8b2958d0",37733
ff67cccd,37731
feca0b38,37730
"16b998b1",37729
"90a167db",37727
"5e405f3d",37724
"8d7c3318",37723
c3545ac1,37722
"39d58efd",37716
"1dfddaf2",37712
"32d331d9",37712
"6e6f3307",37708
c5fdf178,37708
e9f68a4f,37707
"0a759b2d",37702
"34e69c4c",37695
adaa0185,37695
"4ac2820d",37693
e7fe6629,37693
"812bbc4a",37692
"495dbd89",37685
"4fbf7d06",37680
"42c757e7",37678
b058c2da,37672
b7f5b6a9,37671
"42cccfaa",37670
"9fc56f64",37670
"5382d5c1",37669
e8acf407,37664
facc9f39,37664
"8fba8e4b",37662
"3015b308",37657
e1ac2090,37657
c7c033ed,37655
"62fa042d",37652
b660be98,37651
"11dfedbd",37650
"6274c2ef",37650
a8dbf536,37638
cc50566c,37634
"34da3472",37633
a096d498,37631
a3d8f4f0,37630
"872e12d5",37628
"582b086c",37625
f6f0f5e9,37620
"660aff11",37614
"19cfc78b",37605
"4ec53575",37605
"4e27db20",37604
"8e8da8fc",37600
"6ee5f837",37595
ce94ee35,37592
"950f247a",37586
"138ea7bd",37584
"76194852",37584
"15a2a05d",37582
"924259e7",37580
d0d2d55a,37580
"4c3cd71d",37579
"0e56ffd5",37565
f82d2fa7,37564
"2d96b3dc",37552
cc66bc33,37550
"778b50ae",37549
"1b9dcefd",37548
"23ce940b",37547
"98ec75bd",37547
"229fbd15",37539
"17a65628",37537
"8f3e03a1",37537
"9d7c1f78",37535
"9e6bdfac",37527
c9c99624,37527
"142cc184",37525
"130845a2",37524
ec54e5fd,37520
"480f9df0",37517
"6651f36e",37517
"43290800",37510
"8a856044",37510
adf67a56,37510
"65be9184",37503
"4ef7db29",37500
"83320add",37500
cfaa2bcd,37500
"7db55d04",37498
"46923014",37497
"5d9e6ff8",37493
"0f6028cf",37491
f70e5600,37481
"4b52ff72",37476
de918f1d,37472
"90977177",37467
"78e856af",37465
"703b92e7",37464
a8c0785c,37463
"52aaa56f",37454
ff61e0d1,37453
a342a1de,37450
abb41ab4,37449
"9f97b564",37442
de2e8e1e,37439
"6f0dd83f",37434
"34dd83d0",37424
"0c8fc59d",37423
"3d7efd18",37422
"43580615",37407
"2281525e",37402
"9b17cb53",37399
cb34cb56,37398
"97221458",37395
"7576699a",37391
"47779b69",37386
d00f8db7,37384
"521a298f",37376
"035a2c44",37372
"1decd2b9",37371
"5b032378",37368
"87f23c18",37368
"0b6c52fd",37367
ed40660a,37367
"79590778",37364
da51b331,37363
f6624cba,37360
"9f4994b4",37357
"2dfa29ac",37351
"76ee856e",37348
"680d3caa",37326
"43c318de",37323
d239814e,37321
"8da49532",37320
b3c73397,37314
d7b17b4a,37313
"3c644a42",37301
d7486e99,37301
"4f593208",37297
bc64151c,37286
ba886f7d,37282
eb665971,37282
"2b576d8c",37281
"2e4449cb",37279
"66f30585",37267
"7a3f7424",37264
"89b3c97c",37255
"3e29c3ae",37250
"583a62ef",37248
"78b8c9b8",37243
"836bec4b",37227
b33793a4,37226
d0a192ee,37226
b129966f,37209
"0bffc2d1",37204
"856e0b05",37204
"5148cd6e",37194
"6b694959",37192
aa497058,37191
"5400e5ec",37176
c9f8b0bf,37169
"79916c98",37159
e1519118,37157
"145d3bef",37154
"591db3a2",37139
"0fa253be",37119
"0cad7701",37092
e1ba188b,37092
"43239445",37090
"9b11473a",37076
"6863d655",37072
dfd60946,37065
"8314c8b0",37060
f93fb1a1,37043
"012d3bb2",37037
a9058fa7,37036
abc79853,37028
"896e14dc",37022
"97e2b382",37021
"3f2900e2",37009
"2b36a14f",37004
"73cc9dd8",37001
b3ffd256,37000
bdeef81c,37000
"781042a7",36999
"63b2aea4",36998
"7e73d498",36997
"04d196fb",36985
"3fbe0979",36984
"732102c1",36982
"8eff28ab",36971
"587d382f",36970
b8390400,36968
a2e287e1,36956
"1637095d",36949
b7463a50,36948
be9d3a84,36939
add27d33,36933
d482bc1b,36930
d1f90e24,36924
e8536426,36916
a890cdd2,36915
d24c2505,36910
"550c9363",36909
"41d53067",36906
"2e5647c8",36905
"72c31ad1",36904
"1827ddcb",36896
"3e6e4142",36896
dd6198e1,36892
"07898bf3",36888
"17b37f01",36888
bfefbd6c,36887
"2fcc0eaa",36884
"2ad1f3f2",36875
"9d985cfa",36859
"7fd7caf2",36857
"78c0b5f4",36853
"334d6384",36851
edbd5aa4,36850
c14cf5dd,36842
"70287c43",36838
"065c8291",36831
"77fb116e",36831
da083aef,36828
"805f4619",36826
"227dfb2b",36820
d395f502,36816
"0c3f9ad5",36813
c77c79f6,36800
"0eddf73a",36796
"21187e06",36788
be60af46,36773
"2b1663e6",36768
d1b26113,36763
"93581a0b",36757
"9b6c9e33",36756
d20c95b7,36756
bbeb0e83,36751
fd16bbec,36745
"92f71779",36744
"21e4b8ec",36741
fb3306d6,36736
"36a1967c",36732
"4c2896f5",36730
e31c6e02,36730
eca290b4,36730
"6023bd53",36720
a050d498,36716
"6f88d9ba",36715
"6fffdef7",36715
"72bc8478",36713
"9b92e9ed",36712
"24159564",36706
bb23a59b,36693
ecbe97e0,36684
"2c84e7ab",36679
"5408e53e",36679
"2def88f4",36678
"7738b323",36674
"19d9f956",36673
b2046d52,36672
"4a94ff6d",36662
"1c6d0519",36658
bcb80a61,36658
"6d9eb9ec",36655
"066e5d37",36652
da0c6329,36647
e27282dc,36647
"2fa38908",36642
eb18dca6,36642
"617a9f87",36640
e63a294c,36638
"9a2c91ca",36632
"61e0ef0e",36617
"8e283c16",36614
"2450ef72",36612
e8df07cf,36609
"090b9fcd",36602
ecfa8858,36599
"945119e6",36598
b5ed3f75,36590
"849949af",36582
"634a215f",36573
"9497c40f",36573
"3952c2ae",36571
a03309e9,36569
d6b3c2b5,36569
"54d7350a",36568
ee24fa4a,36566
"1fa9c627",36565
"2ae71644",36564
"6dc1f208",36564
c869c62a,36562
"938215fe",36560
"25f7a4da",36555
"9ecbf479",36554
"24969df0",36553
"8a1f1071",36551
"577b34b8",36541
"97e5a54e",36538
"654122a1",36532
"66fde2cb",36528
"177da632",36527
a2c5ebfa,36518
"26d4832d",36513
ee188f4e,36507
"22082db8",36504
fddee048,36502
a20f75dc,36501
"6dab70e1",36497
f08934ce,36497
bcb5b77f,36495
"393eabb0",36490
e352f956,36478
"7e98ee16",36471
d94e2f6f,36461
"2485330d",36460
f7e60367,36455
"85aa1947",36454
"39dd2ab0",36445
"6358a4f4",36438
"70bf0a78",36438
"811319cb",36437
"1fe4b7b8",36432
ee8eaa81,36422
f9a8ef9c,36421
ac63449a,36416
c2dea192,36408
"4674485a",36402
fe2beee9,36399
c980b4a8,36389
"31ae315e",36388
"82a0e2f7",36387
"3eea8448",36384
"01682877",36356
"77638c4b",36351
a78c09ec,36347
bcd4004d,36346
f529459d,36344
"36096a2c",36330
a5bf8eb6,36328
"601b3592",36319
a16231f3,36319
db0b784a,36311
ee4270b2,36310
"7f67e334",36308
"378013e0",36306
ed2ac26d,36291
"1c23a31f",36290
"679436a4",36283
caa70e84,36281
"2cf139d5",36279
a393f3b7,36279
f2900558,36269
"117b0b25",36266
ca9a56d9,36260
"28e110eb",36248
c3614a28,36241
"58b7d30e",36240
"131bdccb",36235
"39e7fb0a",36219
"6e20250f",36211
be5a9808,36210
"0b88444f",36204
"0a699a9c",36185
"06f32606",36184
b3b8e5c5,36165
c6f3c693,36159
bec8f48b,36150
e9840fcd,36148
"894ca91c",36139
"33975ac8",36132
"039fc786",36127
"2cd25c5a",36127
"4bf0d23a",36121
"9b90c9e5",36117
c172d0bb,36102
"54742fd4",36046
"661cc2ea",36036
"72fbc5e9",36015
b09d620f,36010
"7cea4eca",35999
b22fe4d8,35997
"6d0671ac",35953
fd8469de,35951
"43dc0531",35945
"5200d68c",35930
ffe33d82,35929
b9fbfe78,35909
"0c130828",35902
"9324c6e2",35902
"0cc5238b",35892
"092057c2",35888
"8732d78c",35875
ae56f094,35872
"3bc224aa",35870
ebb7b001,35868
"1ff8ab59",35867
"4f1f6a94",35851
"7a45d697",35847
f1050ec2,35844
e6af1ad8,35842
"5720467e",35841
"2ff19edf",35832
"32ba6bc5",35811
"4a0c6f28",35797
"33d8ffcd",35796
e1c7ea5f,35794
eefed0cd,35790
"0e458d88",35785
e8ede202,35779
"487df19d",35763
"311c9bb3",35757
"07aa47ce",35749
"3f3361b2",35749
"5f09f7a4",35739
"9e9a8a04",35738
"946a5856",35725
"551fdab1",35723
"23394119",35720
"3e3d1689",35714
"5bdceb70",35713
"07dfc3d3",35708
"0aa181d9",35708
"5847385c",35692
"883f456e",35664
"2ffa786e",35660
e3143d13,35659
"53ba6522",35655
"242deabb",35654
"1f4c7a8e",35644
d8c61ce6,35601
"12923912",35591
c4a0e400,35577
"75243577",35557
"9fc61d20",35542
"35c3f381",35537
"4cd27c27",35530
"097bfcc6",35518
"8be5ec55",35505
"564edd9a",35500
"89f8e119",35477
b2018193,35456
eb0a4e9c,35446
"570d6dc6",35437
"30832d99",35436
dcc5d6fd,35420
"5d896d5e",35404
"2fc94516",35395
"31990a81",35389
a513fb82,35387
e1e5dbc4,35382
e888801b,35375
da2c9e06,35370
"838b305d",35363
"7fa4dd88",35361
"7367434d",35337
"728d5128",35313
cf983ca7,35293
"39d0c051",35278
f0f5f2cc,35231
"93f9b6bf",35207
"9bcb4ef1",35199
"18a13281",35175
aac628dc,35164
"489dec6e",35119
c64117b1,35115
f53a5c79,35101
b9cdfa2a,35068
b2e664c1,35060
"09a2fa2f",35050
e971b28f,35045
"89537780",35044
"4892be84",34986
cd9a1752,34968
"30b886f6",34961
f05a6ea7,34955
"071b53ed",34923
feb25b68,34871
"2dae13da",34829
"573f7d03",34819
"3ce22516",34753
aa6e6ead,34750
"78944c51",34712
c7fc7306,34704
"58dcee6d",34672
fa77518e,34671
d5a6b117,34657
cbf85aa6,34655
"77920454",34634
ae93daf0,34628
d2c80a96,34627
"02ac2192",34623
fbed7dd5,34606
feb91ec2,34587
"81e27bcc",34583
"374d454b",34581
"54b6a1f7",34565
"5dfa52e6",34559
"90baa7c9",34552
"101f3c73",34536
"8821f6a0",34531
b7f58af2,34527
e03f7b8f,34512
"612a043a",34496
c83c92b2,34482
f47ebac3,34470
c67ac057,34466
e921361d,34463
"8138a713",34446
caec6ac1,34414
"893e8f2d",34383
"69816c35",34368
d53656d5,34368
"3e6e5c54",34365
"59d79b3a",34360
efd4fad0,34354
"608e3b82",34344
c491dd06,34314
"8b7b61a9",34312
cddd2906,34301
"8814107e",34273
dbe5dcdf,34263
a950bcb7,34252
ee6055e9,34221
"661aae77",34143
"646fd0ae",34136
"2805a6e0",34121
"1dd40da8",34047
"2d6d4e57",34034
"10bc4c06",34007
"88346549",33999
cfc7f10b,33993
"4ce85a1f",33977
d8926274,33960
"32c3d621",33920
d2854932,33904
"59049141",33816
"42ce9808",33812
"998cf236",33808
"5f3a3588",33735
"65c264db",33713
dcbf60ba,33698
ff243c7e,33679
"9b382643",33660
"487759b8",33641
d3905173,33639
"8dc770a3",33633
a752e581,33617
c05e464e,33586
"202d5f2e",33566
ee2995ae,33561
ba134853,33551
ff139cf9,33550
ac8b2a17,33481
"675ebcf6",33478
"51c3d0b7",33456
"8b7d3a06",33418
"2ca09a5d",33407
c3bfc82b,33398
"79fa91c1",33374
"8fb29f93",33357
e46e650d,33353
bcd72e0c,33351
ae8c4bf3,33324
"87e06218",33316
"88203c1a",33294
eaf6db8c,33294
"9490274e",33286
f73a3b40,33212
cbc55375,33163
f471db71,33157
"133779d0",33154
e5fb4deb,33128
"55b24920",33090
f806bcc5,33089
ae21f40d,33072
"9b1adbfa",33063
ea8b1f55,33048
a453487a,33029
"58e0b9ed",33012
cae67128,33009
"579e7c46",33007
a50744bf,32999
"32a9cc3c",32986
"138eb35d",32980
ce249abf,32941
"518e39e0",32934
b3d12150,32934
bcf6c4c6,32921
f5a54075,32855
"7cb02fb9",32841
"70a4e656",32832
d120fef4,32818
a570a352,32816
b826af7e,32794
a39b7916,32731
ca4da1d1,32711
ea28e9e6,32552
ed9bce42,32498
"3379e626",32417
"79461778",32400
"9e827614",32377
"002d8008",32366
"081da8cd",32342
dc1a626a,32328
"0788d51c",32319
"29b4e9ee",32317
ba2df409,32273
"5976daaf",32271
c38decd5,32237
"2eee31c6",32198
"3298751e",32157
"2ebf714c",32154
"36e28675",31984
"76b164a3",31926
"79e45bd6",31878
"72330b2c",31831
"1dc31757",31715
e0916f08,31669
a450580c,31640
a31a24f4,31584
"08e36021",31476
"43f444ee",31466
"57e8bc3f",31442
"608b6176",31439
f4098907,31438
"2a0f04e4",31359
"079dc2cb",31358
"3e68cb3b",31344
"0b20438a",31340
d9bc5689,31228
b58c8b07,31217
"74b74b3a",31205
e24b3abe,31154
"5a8bede2",31134
"0247388f",31065
"821b371c",31001
a1ad5e19,30968
cef623f1,30949
"66c0ac61",30838
"23a6ba87",30830
"88b2f9dd",30640
d8e38323,30630
"56aacc88",30615
"46b716bf",30601
f62cc147,30573
"181aea2a",30559
"66261100",30552
fc3fde42,30550
ea606d94,30505
"6df0b486",30421
"2937cca5",30416
"5cd1a290",30382
"8cdf8988",30351
e873bc64,30320
"4470e78b",30204
"50ee4cae",30196
b58a17bf,30187
"991a8297",30176
"6de3b1bf",30171
eb0e680e,30169
f0149e61,30154
d4924aa7,30111
"331ead31",30104
e0e522f7,30089
"761e2a04",30084
"6ee86442",30077
"3c150a98",30073
c500274a,30071
"4374decf",30037
"8222a0ee",30029
a75988cd,29980
"050bbdd9",29956
"585bf7ee",29942
f87f2222,29912
"2afc5838",29830
"6ba1966d",29504
e08c9f9a,29494
a0a34f18,29489
"62ac3d5e",29461
ddc6cdfb,29427
"51765877",29389
"290d9e07",29371
"38d2da12",29211
"4d7d279b",29182
be65c587,29124
"957cc1f1",29114
"789c0d02",29093
da8f0483,29073
d328b6de,29037
fb3b090f,28981
b6f2d1cf,28980
de7dbb05,28888
"9e6f8997",28654
"79124822",28644
e71f96f5,28634
"96054bd5",28588
"2465dde4",28486
cbe145d7,28386
"4ef4c79d",28339
"3fe4c2d3",28312
ef641766,28276
"257a225c",28248
"26f287f6",28041
cfaba378,28023
"55335de0",27827
"4e9ed608",27674
c4e6a35c,27660
"54f482e2",27585
"8971fbc0",27545
"6f89b7d9",27462
"76f3d6cf",27265
ae4499c3,27133
"15029746",27115
b1a57656,27025
"88002888",26812
"263e8b7c",26790
"711c1b01",26704
"248c0c89",26652
"1cea7c79",26643
"9dbae931",26398
"5a286d79",26369
"0b9ec63e",26301
"721f4bd0",26248
"5d094db2",26111
"09775d48",26097
bef28da7,26095
cf26dfd1,26012
"9971dd7f",25998
"58209be1",25975
"30788e74",25766
a13e905a,25702
db468415,25695
"120a22f9",25606
fa63b116,25572
"9f2d1e75",25515
aa6f6b45,25456
"2837074a",25360
ef73637b,25321
"44b61896",25299
"1d381a19",25219
de35a64a,25028
"8c0669af",25004
c85e1736,24754
"348f0cd1",24666
be95af46,24636
"9d913462",24458
"10ebb1cd",24374
"4cf9ab73",24323
e3c11110,24184
b2ea3556,24161
"974030d8",24138
e92bdf3c,24113
f1cb9497,23892
"42e6e266",23890
c973fced,23877
"331d98da",23835
cc4ea8f6,23665
e0d7820d,23663
"56a25ff0",23486
"39de16e1",23477
b3e41332,23184
e5bcea46,22839
a1822c8c,22700
"294b3868",22699
"2d0c1aa5",22635
f7b2226a,22399
"6467adc6",22370
a52f70ad,22296
"6b04ac1b",22266
e1980514,22254
"8ac8c5c0",22166
a5c40691,22117
"6a693976",22112
"2a9600a9",22052
"46f32c77",21964
aaeff4fe,21911
"727f94da",21593
ccd990e5,21575
f79c622d,21509
"7edefb87",21496
"0093897f",21441
aad83369,21342
"2c557f29",21303
fcc7930f,21290
"237da3c1",21225
"7ad57fc2",21080
"5cf15bca",21078
"71f9a906",20956
"68701043",20771
"048aa386",20669
"181f7ba3",20631
f7976a58,20603
"7f7889a8",20511
"1ce947f8",20441
"1e6dc596",20275
"6cf6e6fb",20232
"8257d4d5",20218
dcaed30a,20165
c77dab41,20122
"2dd9b9da",20113
cd580a1a,20101
"899a15f9",20096
"4d737559",20055
"9692dfde",20037
"61d3c512",19956
"67e4f35b",19927
"04aeb5af",19893
"98d1bede",19857
"2c5d0fe6",19852
"67f7071c",19799
"58b2f51e",19754
"9f3890d3",19725
"6e0bfc75",19669
"0e9d4c70",19569
"7dd6e0cb",19477
"3bcd6d9d",19406
fe9a362e,19289
"1d7d4fec",19286
ffd12663,19225
"58d26a6f",19219
"16d3f776",19169
"825fa6f5",19114
a8492998,19087
f01f86ab,19084
"7cf77188",19076
"4d83580b",18933
d5ad4e8f,18863
"94dfab2e",18827
fe2634b1,18751
a1b8ebed,18699
"1a8442ef",18643
e266a929,18554
c5906df4,18546
d9d7107d,18412
"8d8281ad",18154
"37203022",18121
d5cc1007,17985
"39b9d906",17963
"52420192",17939
f41e9a31,17926
d6748467,17896
"8f15bd04",17817
e298528b,17807
"24d28edc",17794
"82561e77",17792
"900cdbcc",17792
f2bd335f,17784
"539ce4bc",17776
d6ac727b,17769
"07baf8a8",17740
fcc551cd,17738
"3a7655c2",17732
"03ec28b0",17705
dbf91b27,17704
"208c9e5b",17701
"6ff13cd6",17699
"33e0671b",17691
ee20dbfd,17677
"4de3b9a6",17554
"706c4bb9",17551
e8b1d453,17550
"4850119e",17526
"02c2c20e",17522
"8b2d6ddb",17519
ed11133b,17507
"53dcb35f",17502
"0c835ca4",17501
"3535f21c",17488
"5a667487",17488
"668d1242",17466
d6dc762b,17461
"2d8077f0",17431
afae1e44,17385
bb10794f,17365
"18f3baf7",17363
b2cefd86,17294
"757b3a0b",17182
c19946cf,17095
ae5eafe7,17020
"3ecd6252",16959
"371c95fb",16951
"94e72b7c",16823
"604218d9",16798
"11811973",16797
bf31eb88,16739
"2eea944d",16452
a034398f,16172
"0f4c266c",16052
"8747fde6",15955
d4cb6923,15931
"5c09c967",15908
ce2c6808,15801
"773fd1ec",15776
"7fa82e92",15664
ae628063,15531
cfe6e194,15360
f049c5ab,15111
"8fae4747",14971
b8a48a6a,14698
"778c60da",14402
"95621b59",14378
b3c58676,14210
"148b7c3c",14107
fcd19ef6,14025
"422e2ea5",13913
"1717c661",13754
"4867f763",13647
"0efafa64",13527
"9a98868f",13518
"0ca27248",13448
f1cb3f04,13381
cd2721ed,13274
e198cf0b,13274
"21104d47",13111
e2757ce4,13075
"68e7cb35",12775
"04de4861",12578
ca71d44e,12533
af475a26,12509
"543a96fe",12234
bec1f7ea,12042
f563b488,12033
efb54428,11927
"0ba9f5ff",11913
"78cf4476",11749
a6237563,11613
"889443d0",11497
"3d55481c",11398
a841aa63,11289
"943733e6",11252
bffe1686,11160
"15f3bc3c",11158
"8caa2cb4",11057
ae52bbab,11044
"15201426",10747
"43eeb5f4",10697
"40b8c05c",10606
"9dee95e1",10416
efb4895c,10356
"4b76fea6",10342
"299ff335",10057
ac51dde3,10044
"4f7b4c84",10041
d5f9352a,9981
"17582cda",9883
"43d8e5e7",9814
"8170c5c1",9814
"4db0ba7b",9780
"7e16700f",9372
"450fdde5",9150
bf6b41c6,9146
"078c16dd",9063
"28b17d6b",8977
"8e741133",8926
c72b2e77,8769
c887a559,8602
"295c88dc",8578
daab9835,8402
"33f25a32",8386
"3b2ae639",8319
cd01821d,8114
"4530603d",8094
"9b359b4e",8072
"5b831d1a",7982
"4084019b",7935
"1388fee8",7802
"8257eade",7794
"360b9fec",7770
c15b39f9,7731
f07d2cb8,7717
"1a9f8cef",7634
"7c4145ea",7405
"77f74bd6",7402
"076481a2",7360
"946590d3",7360
b3e3e556,7322
cca2671e,7214
a9f50f31,7038
d2808605,6978
"57b5d7ba",6904
"642c5cfd",6861
"1755bd0b",6808
a99655da,6791
"4564fedc",6618
"8ab5ad1d",6477
e71da72e,6426
"69bb2da3",6418
"46f2d65d",5909
ca39f51d,5879
"20a8744f",5865
"9191ef44",5823
"88ab2230",5727
"7acf90d5",5622
c475a388,5500
"31f9ff76",5420
"1d924c67",5027
cb084823,4892
e482b76c,4847
af8997ec,4660
ec153d3c,4605
"11cb4fc1",4427
"45ebf712",4422
fcd8a70a,4328
b7a7cbc5,4161
"055bca09",4133
"0255c1d0",4118
"22350a9a",4034
"63ac3ff2",3969
"5960e0d1",3872
"9ad0cbee",3847
ca26867b,3755
"28bd29e8",3752
"9c1e64f3",3661
"7eaa4a25",3658
"23154acc",3649
"994a6038",3555
f0d6e220,3451
"01f17c92",3363
"26f2bed6",3346
bd87173f,3256
"3573cd60",2952
b615d45b,2948
f71a7a53,2761
"29ae071a",2756
faad2b85,2752
"4ff190bc",2664
"7325c87c",2652
"93806314",2639
e31cad4b,2470
"84a1a613",2469
df1758a1,2277
e71c7b8f,1989
"520eb082",1986
"42ec2a49",1970
f8402fd9,1587
fdde2137,1586
"362aaef5",1584
dea219ae,1578
"16a3a1a1",1562
bd7bb5cd,1520
f80c1062,1487
"2a7424f3",1147
fc100819,1035
"243df1a1",593
"6490348f",585
"659002f9",498
cc934ef1,495
ff5fd407,493
"6739a9c1",395
"95a077ee",300
f3913486,295
"65dcd29b",288
"81b31135",198
"2c7c4a28",197
"6c7e1d14",194
d378642a,176
"1e9c2cf8",159
c21bbc6d,101
"601010ac",100
"036517b7",99
"0601b4b9",99
"15501245",99
"22c8c023",99
f9fe30ab,98
"73bb84bc",97
fa08254b,96
ac5ae083,40
"4ee864e2",6
"9beee2ec",6
"0cdb6fe2",2
"24296024",1
"784497a3",1
