"msname","count"
315f624d255fc7680cb985a3e0796397bc18baa89d4226331ebeae5a62de747f,12271656
6f83eed1237572824fa0807fb2414de831c989c6392cca51f3364b655804153b,9341076
2be3b98bfce0e36bfa57f93d594bb1e183b434540c5bce38233a5dc2e9b80a1b,7282794
9a3ef4d24dd4e7fb8baaa9e30aea1395caa50f583630f69047c8e20f2e8d9554,5457414
b3b7130eda7fa74cdb22efdbddf25c28f5dca36bc346bb97ea639644ed766376,5129740
28664e7ba60702984ae3f84d4b084785897495e3b7f28717bda80797dc5468b6,5014624
24601dd8b36f856eb0a4d759866f475bc62cf843ffe0920e0d4d72ea1e84719c,4921260
648b2a0c2f0a2c60f552c18abbc9ac747657751fc8db49d0f18cc6c5f9f81fe0,3522610
99f2e7b501f50db9b4089242a5d3e1aba334c32e0c718b8d79281529a9489b15,3203908
0e337f047a062e592acb1be850542d2ac66829277ec311eed311f21ac96266e3,3129118
3b40e01c9ae51f80a0ec895ca16c9b9a89da1f81ea192bd7207fd3f3909e2413,3022292
7b3b9cb2faed94c69ae18e8275ec186a4ffe6b2e2588782db56b1481ecf13ffc,2959742
30a8da0bf74d650c3aff9df0a7b34ce90b5be01dcbf3adffa06bbc85061bb428,2932524
bd60497bdc74d1c37bed34adc5bf20df15b378dd863baf0a2c35fd36fb28cc66,2724006
65e02687786d55115026221feb9e45d5eaa61c40acc59f2001b31e880ba6154a,2648926
8ca2865ffd758cda9104100aa8a7d8cd23357d17d54621b35fdaa28f77cc68cb,2524726
ccf3fa1fba9d0f233e1930922f80e1d13aefb7e97452571baa0bc0902101dcf3,2489146
b4da54834d8c39bbe6d32e5be59e758770a5c40342f92ac34d940a61548e8fd2,2435714
f2831e310555eecf683031907ac1ce487c9d808d4f0934fe1f95019e04b6ced3,2417770
558da361022f2c54ce6bb02912687c090acf7454f62fda75744147689918f5ea,2370318
a828cf949747f47b182e8269b324b8948f97330f6104f9d893e40a52dd62b26d,2342924
643bce6326e327bb36361c31d1ad0cf9ee8d57671754826bb420a049f051fbbd,2308200
133d8fbf6e00d295d91177df5a893bd95857eb5142149bae057d5d57ec7d686b,2279318
5ba2be786dc249dc3b3cda596a4d121f55a1dcb75b399d293ec2187a3f0632f6,2250172
23bdd392279c3f7f575cdcca6c022c7403272aea434e9e116e15901ec787a9f3,2249314
2abd05990aa9eb81a3eaa333829ec355eaee57fbecc9e8d2e000dde5f4972378,2173950
63b8a25a4a9f80c7508c0db0d163af6d9e6c0746c9b7e26aeacadee945657501,2142306
cb7de32404272c4173dc1387f3dd3bc1dace3adc162ac705a554c5bd3759d9d5,2141820
d03bb97862607468fe3153b28d41a20de1e3144a5662642b8d4c1062c550f622,2080402
49bcbd92f1c6375b4dcf8b4ccf4b253710e26e0f1b42be1bd7db68f9beb50c57,2009742
f7e491f55331a45dd8ae05685c2002c1bee48bf87efad684af8dd2b172d60252,2005846
58d745e6fac32dd9ddb2db4a491e3d5deed19311aa01098b095e95338dc794f2,1988592
8382f8ca896075af917acb020ce8c7dc322a09d8e8a73490c3450f69967b7a28,1979866
cb9da203a739ef89d69fc60aeb01680a685a51c963e2ffec63c3ef83a9a4903c,1978544
e4ed7cd27c4cc804a416aa347b47eea6eae054714d8c0ec2645cc4f610c487ca,1950432
af5d63e40f2bc053c32d2b51ba6ca28739e93661fd816b61e1d2e90736c9643f,1922186
002251d4123496684687c2acad43bdef9419a5e4fc01a65d2c558af92a5ad649,1892920
5f3cd749ad44311b45da979c0b14517019690e8587f6f7661e54f550572b9574,1851526
c636d684235894436e7868e279ea8d7c37ceb2c7f99b66aa6eb9823c09a88164,1850830
f379c8fbaf04c610cfa6ecbac2c2c5e65fce967d63ca164915a2ed12eab734c4,1841250
3557add998c8762136da6e3a0af6489ed6425c3d91ca9e3d513dbf9d2f81e85c,1770776
3322acdce65a8353e2f8a32a2bf0474526cfc62c3d13289ab64fb6a5e089e2db,1767158
c22ba45a5c7cd165e854210a624b8f21562487b67f2bf5508bd2d56ca5344003,1723188
cea6048414381b4982c06f15da344a2deb492cb9423edd30ce51486de41d7afa,1675592
0e1f021c1406813fadb553c759a5732d1a40c031ff54ddcb68528b053c728a13,1665450
b58ba81e712e15281eb93074ed026a844f5100024d91b25f2742b5d5e8bedd9f,1605470
5e5dac309827db024dac61af6d049e07d53538929a3526a56a1d3705f234c8f4,1572480
0993061afc84936e8e92508c7a754eb34c86c47042c802d68f06e25627c3fd53,1564326
cf5f15ad4585ff713e95993380824a1f0fc1d85792f8dda58f8a150d17c4708a,1558306
9ffca37e87db8609aa54ef630a4dd204f02581731d323f5a6ae71855b636e2a2,1549172
94dce029795f9357501c763b763bf951c8290ad1744ec10872cc8a280b2b989e,1523948
89b2848189cd01cb42de859f3d90ece67962b5c5932e88caecdb35a0734d1f9d,1482412
530a42c55ed7f9999e26fb2b97a2c53d593cda13c20965e6f43b37167c6c7715,1480182
5d3c18d8b4f0aed80c31f3db4c3ef113a73106a41149cd4039f90a1e95d61124,1476798
48e8faba4a168f803d7f16abb37ff877edd589b8081166d08e1efbb94ae898d1,1426266
2387b3f417ee8dc3dcd4f6f9572b6552b704b395290f7773ef87d96ac6bfe0b0,1424976
87f3522e7b259f45398e495f02e0afd54d9bd8f77959c6d5e178647ce4e1d9ce,1401358
7d0508345ec0970b255fb2a4de1566341ca03e610d747d2abac3685e00462951,1365916
da7fb1f8df43a2a4f52270122e36926008a03831a4517b41f23e9a28e0e9bae0,1360558
09b4f1062ad1fae9a73b6bf0031638e844d6735a91ca73bd7ddcf8af088d2bdf,1349706
7d53863bd1aa3d9e1fe4a8b4ff37800da75b3144796adcf4582720d23ac7d298,1323756
95a6f7f8345e2eca31ee74ddc19d547e7fc0f5c8e65772d7b08a68eb5214dc44,1323620
1f8090eee9581aaeecee4b98a7cb3be4b5ec19603ed87e1dd752c5c00f6d1ec5,1313442
af433c9744977e9ca65e94fe8125717d4451a2df831bfbf365d39bfce8107d6b,1307970
877c8d613d171d6b483acacaa2c78bb2c9ec4f02c9dd765d33b191a10ae48147,1307126
066074009100226bff110f3dbc90e2bf005c2a41c6c2ce7ad4c4c1af8aba057a,1282464
35114acfb54c54fb9618f23cd28bbc57c765f597df140977d7030dcc52775ed4,1274728
8c70f564c11c4223260ba02a7d4923b60e55eaf85aec58ea62464313ae21f6be,1272770
d866b548c8336de52155a8318961fa587bbefecaef82cb0f7f8d14748a94c212,1272166
48ba155e452f1dfcf1b6c95785d2e59ccb18fca7a875ba55554bf0205946f03b,1233168
0696938ae3212896c34626b3816d92ca5b0bed0cfda981adc7710d5dae189b6e,1197232
84c39f0f7578db67ef592c81d9d0b4850caa4f68725cde0fb1253d2b254ef6ff,1183924
a146941ebd069667fa769b779b6e414ddf3976d208aabfca081fb747e469610d,1179556
377f1c6e2b6c3315132d0d8dbd721dc01630e5919f39b0ce4f4afe85c2c4fe18,1175634
13b9eeff73ae1cf43ba55b3f39cb6bfc02d28e6891b4ffee5f1e6d8e62b5d65d,1167978
4044a5c14fb439a9de91ea9e75f80d83fcc6c31590f8b490326ebd556a09950c,1163514
1bf21ceb4b024afe56aefe9d977a0351b75863ed2e671dd9972f409ace02c664,1156460
bd2423f60ea7e003d1046d6b68430d566799e37cb9346bf9bb9e5351bf085fa9,1147260
92ce0f3afc75baf4c8f22adbbf045b7ea6d5404e044a0a6e95e3f222d7ac51c4,1136352
820d792605059d1c40fe6f34e105b99ae046197bf8f3c89241b6448b62fef99e,1132962
65f5d84f26ff39b141638b2897de5ef838984cd4527c4871e0e88175bd9570ce,1123312
67eefa7fa4bf134872294717542e5c58d127a21ec339570fc2de4834d168ec90,1114750
1f428aa8c268d5e2a34e498c30f8863f578c8943745ad7d69a2ac60cef1e9c43,1101012
87c5c44a5d42b77804c2b2b04df435cf3296df00e0d77a6a91fcd068dfc02466,1092600
2d6efe2da55db77cb8533784b704eb9e28ae359b0c158bdbda44ddf0874757c0,1090160
3a6e367bb73e903db76ef152baaaeb8bfafe724b7632962e10b0a1c640afd878,1090152
beb8469d71b1aa95935c50fff4291423e70fbe80468c52f6db9c13cee39d1311,1085814
a111b0b42fe1afc6550d285cad1c24fc518e926fb7fde8aabb7fbd2980c9ff84,1064144
88714911bb43c7aba982a0fc876eae066dba86e82e0d946786cae9cd42c1a2e2,1062728
e243b72c702bbccae24a4b39ca44b91c40c32eb6627b98209f5f21568a4e5316,1061628
8870a0590c3a0eb2b2a03f98bb1abcf508c2c9fdb55d70720849b789e9805ca4,1055536
fd7bda4e06c32c443ed2b7008ddd74532740dbb2133eebeafb40f6c36c10176d,1032890
900211ea032e2764bc8aa0d24413cb90f3e4060df7e8f3ac40044ec83a13c0d4,1024828
38ed02ea6e27490052fbb063d70fd67ac1dcd39d6bee97fe7310cc4e55eddfa6,1011200
ae6785f88701edda2c24b3e1eb051980ac23db1f2a9556b6fd919110cca03658,1008084
65ceb2782457ad9400b7668fc02d3ad3d79f86469b2be89064eb7db45c07c03f,983376
5fb98dd33d123b3866a5e52186cff17c107605af06442c5028408f591cbfc24d,950784
a25db459a097f3b6aa173c3ed5dcd8377f2d342c591d6b5a1cf76cc51f99a489,931532
5a947786a27c3b3d3f1f8b69e8de151daee02f3fd296eb65119f401ccab72149,921412
222fb26bce12a45b062ee2476eea504a3a88ab800f17042f4ad2768a48fd79f6,912786
b1601b7399bdfe0c5624ae79665315fa50a6ff01fb9e08779a3d5689039e229c,907018
694c22359d5666f113617ed767acf6a188bd551ffb3c1395ac5f0af99d489cda,904134
93002d43042065592e282b13cb2f89a6fe261616a6fa2a1c00b4a85a71e204f1,896460
ea2870f1d8a69a4a7a108ac6a56566994ee1359f857eaec41cc77cc2c7d1e899,882786
f2ff782d57371c090c294859e444ee4bdfb4b317e6836884626ed82b1502dd47,878178
61907af770acd8c9bd15f09fa6836818d41fd772482066415ec59eb6ffaea358,870024
e9293802f63781a2e08fbc9de44d542ebd9ddf4a17cf9a9eda13fd72ccc37d6d,868380
f57e00a4aa43145b3d008a5c71d4b5ad6a3061f9da11cb931fbd66b5563f999f,861366
566bfc1bfa3b07927d87c7ad4717aa821737e593a5d3f1eda37b83a08a3a10aa,860874
5b5a22e445e6fb699c007f08371c6dc3951b1aa85b90a63c6bd07884d357baeb,857862
a72b198ffd0c48db90ecc639aa6cb01edd23b1fc6b519a8c998b645b85d8b7bc,842400
d4399ca165dd22097ba19e285ee944dd50b77569664443b66b0f3c047609f00b,842018
c3bbb5924badb094e71e65d2a7f9f734cf99444ce2854068a023e804bce5dc2b,830452
f10612cc80a4777bcb0f9025041b3e4a9d8de8b20bfd2dcb0ab1406cbeeaeaf5,829842
81e90a12b97edb489895fe3949f9155c46de740841324c44292ec05df098c125,828182
e36706cf92adeab5577d3766a42ba23993d591bd23a20001e104d91796f04246,804636
49206fbecb8500a8cd67676acaa4caad77b6f41e409edf534014a385a5f6f165,801734
14f44b0d16e89114cfb079731ece27dfc7e22b98c6264038a8c37567b4689110,794386
81104ebf2456207e8b5b096c7909a676386e4eb6654be0c58a704d0b7a6f2b2c,785194
cadf7841dca0d028283c6913024269f92d60f501c50b70bb7a0e197db8667749,784448
39708be2b5227aa0c58d924afb072660e37262ac43a8bf2bce6c8bee9648f06d,780120
d17f58c4324b523992e8f479804b65a5b965f94877139b05fde540daf148384f,773268
7a481b9a132c57cae45f19d82be7b758f789203f2c796c6bdd5ceb4428ce9622,760848
65da7a00a58227d84f418beb67c563c3adf48aaeb4311420b6d7bccd7f4d00a4,759968
84c45db94c8bd54aab711acca8b795a4914029425545759cb79f644024ca26ab,758542
02545c66e4076c131871a78595f99a345496d9b29be80a35e5f3e3f60696fe6a,756762
cfb6a655058e3019e6e40a24657c92fabfc65859e15647ffbcb01159c8b5be08,756454
550b471c718408790b74104eded8cf293b3f5f443b86a53a057ac5cdf578ce85,754830
a098c22586f6fe92476fb97361ee036a31d2c5da7db1b6f278ae453de1ca0223,738342
3d627897e1b82f736f7a2b12019e92b41c0c550e390ba390040c7cc837fdfa96,738048
bcc17c8a54f444e365f50576471324cacacbe0c93d40cd269ccbb9f53e502222,731612
f952938c56b57228b3eb157b155c378e2736bef4ca0d135cb3973202dcbabc5d,726222
01371e5f86d70126847cbc48d88fc5b9301b38e2fea1a7e7eecf278ebf6d7484,721648
48c0f8f58276081b308fa141cd65a0b0b075a96fcd8822ff1960cdec53dd453a,717160
b85eb26037cd3da7f8b449f210016f483349c1d0f9d341808369790e087aa5fc,713460
6461c7c2b66a5777eac8ca33f049753684dd72cfe372245de50c1c5ca9e46d62,703048
fe1c1b555b650c8a5c38d93fd204ef573e2d7f851096ef2d9b3cd630a9a77469,703048
77396888b889c03dba86307e170ac42716edf9d6cdb220fb37810c5c911a9dd4,700812
f7ae36bcfdce5a0ea7d5b70dbae04955899a4a67d019c0885119fc25e7213005,686562
22c8ba984fe2f64ad6b7d8a8607dee4573f0161abfd3cbf9018c4bbabc682193,679450
b36b7f8da8482c4e7e4f2a1a7fd6c111986646370c74045e9e811bc7d6bb4f94,673694
e969a0c7f24365fb761f28067720558309317afce8630dfbc12a2f8644dee2b6,669828
cd608d30347ee95d6b65ae25ab4d36e600d2c1aa20af5cd986f81ccd620e1a71,661926
c1578904aa2808f29768e2edb2413cacffeae6069f6cb71471b8160a311b5a11,643936
df8e9873a8e78bebbdf2ff71c6a092cc664bb6f3c3a8738314e9779859c0ede8,628414
8850fbf89237243291ce2370a3a6ad2a83ffd5df576f13f458667f5b84972cd4,627270
d973b113c7c708641f1dd615f6c3525041faf5c6aa1f371eeecf567988e56bda,625532
0d4945ea8f3de48dc093d33595a6faca330172fd8667edb4028afdfce6ce64d9,622656
c7dfeef2c031bfe4ba7b597ea27096422b01136f290009b52d320740d7cd780e,611408
9642032d5327a00ebd76493f4f08b04a00e958fdad322e606d9e175e99bdfd09,606486
ea88d9dabad3c403154d6a1740f2c6f79333c2c965ee1c6694ddc3226c4f553b,605218
1a23c591e386e97230d7c04ea6acaa083ae226a4c68555255f72ab69838b902e,604388
389ad8ab3bfc96886e6b190ec247e6a11f0a83febf571511590eaa3edf92d529,602662
615cb856f2308beb55d61c2064fb079bdeae9eefde08d0ac408ef528890b8ed2,596206
4d980b8ae1f1da1a302d77ef91b9f9dd4e841856f6cdd4de10df7514456b6831,594730
1c5307cb13f51dc98e4e1b996292f7f05a78966b867c18658e13f8e6ea947283,594118
bc529ee59852e87efa2e41286d68dc59c973bbf8131324144fc64731a9ec87c5,593692
95b112c26c4bb6936ac5932b6b9746f429f6f523ad6c3266d37a632cbdc753da,593644
fe066db576a9b333264513cb00a2690e2e4325834c0a1bf07259ef7a4ced6bcc,592394
a890543e5fabd617a04e51dfebdc3461293002cd8fba4c5fb2560f9defa17898,591132
9c80eacc0b50eff694ef357fa01cb4eb111d4197840824f2a7b1a3d95ff4e1ea,589744
df8793ed7254a9fa93f99196eb31ad82b55623aa2ae1d60854ac374fec0e66a7,588144
6d6ff7874b4668462b74e0a11c3bcb6b56a9cf91b74a376f20ba77353f06e184,571024
07ddb3a13f245524c8b69163b6c141aafac7539b48adbda37e8be92922679dda,561690
f9674ea70b6ebc22b1b8db03c2116ae34b03f08eaff055022638f1d35d92c1d4,553198
fc37f90de7a71bd9ab1efe8db3fbc2194a2761937a8b0440e2702514831a0401,550484
b377d80cc43013d1b4691acb01ca3bcbf60210096532633968b5bbf5901f9905,548360
598512ac8a6f79d6aaf0afcd7d8b4462c1cec5198eefbc25855d1e5ac460ec19,547204
51b03816f3c956aa21d5f33d36ebf8f918c1fc4eda169d90dba535b3eb00adaa,546272
579acd997b2c354d325505d708a45dd07f3fc25bd2e2829ee204b8fbdc08b731,545768
4bd97278666b904252e736614699d7e8c0183d3c77cf4dfe1742f5fedf4ad604,541238
6190227e8489cba622c6675f26dbf94a0407dc21594d0dcd6776c46975b7e225,540750
f9014fe2e1ad08400d71587fd3d9d8d3e19846d8b7e74ed05e237dcc3ac3489c,540008
e88caec1aa7df81556bf364f38b3794534598957985b4e8c4e60e8077f890302,536460
59f0580b20fdfe7053b2d82bdc32ebfe6566456cb3668b8942f960204b82b725,535124
aaee6905e5adc1daa773f911138fc18d48b45274694f183a2dd2f1c85194a7c3,531506
9c5a60d5b8b67b6e4860979bc485e60c0314d218a1f8bc0541a1c09942b6f8c2,530656
103f50cb873950444c74ab1b92c007cbfe8eced210268cde0eb8c3a059e7f3bb,527618
a9b4c14d35fe57da819293a68d49dba4cc0e8c2c4290acfe6f0da261638f1b11,525100
5340284ebd75d0f2d97e865fa6763fb3b424788f0df08f6f73e7e579b2d74da0,523204
35267761f7eb5109e5957d99f4fd9e0e80ab1a946f002487797d504e17a5109f,518578
fe934f726a87cc969b6e079671fea282993c5b68f9a18f122c50e5c81d31f0b7,513716
fdfb8ee968d1aafdfe41941f991ae596375dcf18739349968a4fefa325e45198,513296
1cf15b5b8ce80d005ceb2d77ef34a226b178dc27fc3d936a9751313a1dd7731b,506306
b8caf7e32d53f5b2d18d04e9664099a799290e0f8d205f2b86383218becd4cd4,506192
def4dcca30659af94e87d73f3da4c9c20dfcd71391f158ae00dff70cdfcc7293,490276
b7c586427019cad1c520762eac1ad8bacc8c1599fe2202e045f83cf0b3a9a680,488838
7d08143187201e17f0718aa3d2e56eb71e9c1f6292383fabaf62e1fd63230598,483558
bdde61722c184e1f47e2189e9c58887d1f0890b6ad5f670ccfad9a54337cbe5b,482334
fec250ce67ec0c132a6cd093cb0adf8be53faacbe873e1f7234ff4966f5a3f11,480530
a304e23061bb870c916d28fbc4424993aa91ebb69ef7393c2abba311e1810f06,476910
c9d968a323dc7eafb8ad6bb25e893b3163eefd0aa2a7c04c69ec7604032f4ba0,475860
059bad8b12f21ff1a29108baa053f899f64ab9dbd18382d7239f94660b1138be,474540
a1f1dc727b5cdb0c62df0cc1c88659e111febaf49be2687f0c4e812bd1d738c5,469482
583d27f15062079d55fc47150474b1d6445b0fb313c5ba372e47f0696714a0f1,469176
e111dad8443d114635d9a269f8db385fdc8a371b1a64040de4a7f268feaab370,468606
59a9c02bb71a62c8837dab1ba69b0ad3e9e38399974a661661b672c5dffca555,465766
2b8ef0447ba7997e9087fd7d9cbdf9591beadb51854babb9c74ca279c52185af,463674
358e600f0761e77d74c586d61961fc53940fe654180cce128b50a08fc39c7278,462682
27f9f18051c2fcc46fa79f83934fb50d99837134f5c86d0426260a57fd36453c,462314
fcf19d73e973ed5de66f07834ee47c2240b89477d10da8dbf46592df9f0f54d6,458278
0674d4c8b48f44a836019adff9dffe0cce2ee6e7b93ee04894a89b029fc1f9d1,457114
bc5f16f84c0a98149111413764c8c958ff2e44159bc6b8e8a52cd05e3f464a78,455260
05b41ed6330cc889fce974086f1da6311fdc23396a1531a9dda4b69e41a23333,454230
d3f5c6507b4fefe44c0e3b45cdf25e3d6baec99c7cb33c78f20a1c8a0abe46ca,451902
4279d89d4b4237786f37f9999ef43b0bc9fa6195b844f55d0aa7430b874fc170,450514
b654ed6ca503c46bec57a80930f193602c1d7997eb8c7e13e7a6fd67c410519b,449904
040836bc1a90963d108393c97c5010e9a597aecf4bbf8653383ee557b2c84105,449450
72b69d6cf010e618d6079185f9ad7dbfb01f2037526ac3947c958a59014e91f4,449280
436fb447090a2d7860dec34e95cdea557b42b368ad8b171c99f8689bf2a68f9f,440844
b21c637c2fbf212c52ed532476f71052018e07cabe8beb12a6fb3a6e086e2c6d,435082
a56e3bdb4ba76c09ac6d4c2956470495ef50c5cd95f7ddee6080a04a4a35210f,434042
3dd6faf7046dcc9eda91fc9a83b4b650abf5bf729a9d89beed7f467dc685a6c6,432600
ca0739d740b8c9a93faf2608c6c4316c70667d54aab234ba12ef7712c6dd1924,431158
7606a6bb8535faf243bf58dc5b8917976eff2f5c1bbcaa5b2d3ab92b5766deff,423952
2bcc2832736be67623ce452166a42e2edeefb2f5c8afb3677b52fd095dea7957,418548
4ba235f4b254662c470d96d1d2dffcc14633858798fb2cffa0246d10d99f92b0,417994
cfad1cf9c6b241e81436edda1cf71d6c3b2fe7cf35a7ea39fd64b429867f44be,412586
6a4d143d45422856af412e0c62ac847c7049e52fd3c6e4c0788ed567e72efd86,412222
2a1f6f66d3f2fe0cd60f3a303b1bab40a2d4a9ca93eef99e2ab7588a32267145,409974
79ea8b5363c5d3f8a7e925363c76b6ee2406717ab068bfc43134f6bb9a245ad6,409244
c5d7595597053253be3ad632c7b27407b2c27395f2f51a20f10addcbb4880f57,406644
aa1ca664b4dcbd0d7274545b732996fa2c5beb6d2e6fb4d6b09b6eeefa8c0d7c,406268
12bc3fe2791d9f2946a74114ff349795461e695a099ae3f4fe0f76ea5ce4476d,405892
d1dda4d1df62bb2263658996cf45210550e00c78773a2e4b34efb9e9636380dd,399766
109298b0af3961105937ff48abf505151a894eb8ea15befc52cd68d96c94e013,397992
2837039cc2a885ab18e4c0f4150403dc1b81283e57c8339a540be7923dd612ae,397854
77452b71d2b1b61fe73d107c23fe1f2b83f49b94a1ace5c1d2ec3f30ed8ae44b,397642
f74fa5aae1f90ebf2891147666cb93d75eb9bbd825b22ad16bd6e256ca9d4727,396184
d28a50f6f090ace28eab4fa92285d2290637d0f8fb0fbecbc14660e94c7b8b24,393666
a1a5e82bd53b30de411247f73e49727d0c84cdcc11365fd79c7bc9d0a42070ed,393298
463d5a9c265fe101607a0cdf1e7e328409bbe093598c1fbb8cb6af1fc5997c29,392606
86c5a834e7dd2e1d51ab89c84866a2527e256530a2f8732b0baa29114fdc86a9,391170
efe61c601a7b5c863d5d37cbdcd4931fce19a00095bf937e8ea5d547e4e3f12f,389340
1699a583c3a7b31ccab452c0c8833c59dda17b1895d0c8ed636e0ba515e7fe94,389304
d3f8cede1d999cc6a19b4d816928cc98bd93543eca84bad7e4091808c6d10d51,388620
feb016414e7b71801eff1ef06436f4be73a869a91ff53aff6210c4b14ae72a53,388568
719faf5996d9961657ac692193630de32d3c7c976b20314e23e7545e624288f8,387460
4621518ba26cb93fa8dfa484745ae0640c2b83479badf19418b137be424fab48,385014
d680950b029230261f4e2bd4f2134bcd9e519b152d595e9566728c57910a097f,385010
693f982b164c221401380c8ba8702b41e3f68fb31a748f2851e13ff02ebf98c4,384658
9cdad8935d7f774496ff09a22dd5075f34c0bbcea4bb491e2ce39a14cbe4f559,380420
14c502a6ca6291b0a3aac54d5506d8d1bf8947b5a875d07739a28aae74109a59,380160
4e0031633161cc7ff40075d6cdc2bad2dada4cbf10ecfc4c8a21d7b27fd92dba,377632
638af76f4c8627da14a945387423edc4b1cacff2dcb539ec3b1469ddf592305f,377456
64ff81a6afa87476179945775ef71fcf2e6f80cc3ca2e4c82ff888503bd7f7e9,376118
237898c9c6be1dcc3bb4a55cec8ec8b938587d211fadcd509081bb17d8828344,374912
379e23daa893e9f183169734b12ee6c2ca81ca05d270a8ded42d4fa1b41fa0b6,373002
cc6d928af54c276733075cc1542acc9ccfa3a0ad92afb78d8de9fa17b052fad8,366968
b2e11de3db205193869388c246e79ed069e0829d9e3f4c40f1a49c1d265d87dd,363094
1e5dd1f5843e50b9282fb99c58d8fe9c6e3d712d9e601a7a5264ca4ff7d96773,361828
16f537c8c131fc35f9b7cd925bfbea965143af388509c651c7f21472f250fdf7,361746
c6d07188a5ef7011ebb8e9114f8760cd5218752fe0784c1e0af860e72b80823f,355288
486f4670466d703566bca877bde44b1c3a709002e309bf695820cc1c59ad2d18,354732
6545e5559493a18497075bb949b955abf8642a62d20287e280732e9c5956095e,353290
175834ec8169f3bd8afd2382d063d7f4f6815d7c6c88399755cb57b9cad17783,349064
1cd9d5ae0fcdc971f9a2dbdd426f51c7a85a1e9f06f1f4ddea48df1562b88e52,345244
0132c76602caabd29f1019266695ff2fc1d267f00f17bdfffb9ef84b46bbe32f,345118
b5102ec7aec4cee5986fad4894a57f929831e0c2a444bc71e3010ec16a6958af,344328
be2a848de25df56ba322a6994093a086f5b1ef0cf67bce6d998dd58184120a92,342390
32c52b5346d9e9f8308e9b24f09261f94e6d7c784652988ef7edcbfaf7f9faa6,340310
782f494164510bd6d5eb4062bda9ea0f6afdc35100c16b75123bfe4c9030a730,338164
73257ee66fbea0ea8b789e1027396c9292d7140b6d5937ad3f79ced163e337e8,337428
ef3aeb7c798f86c17951651a64a7ba02b1a6995ab7ea47ec23076c8563175abb,337160
89828bf1af1e1ce8f47702f2af0ad805597722c664f2d7c0a1c9579b12eb4ad0,336120
aa42d395e6b2ab2146c4f60800b1463b0b4eec59147ff583052172e947b3dc53,335674
2e0e70b33a1924efcc1faa52b349ab42525521aa5535c276a9102fcb9313de09,334166
0023afa70a8c05ccf27bff17cbe84c79e18cdf400e92f213851e54c985253ec6,331660
4ab265f54516248ee8873be7d6441912456ce17e84f39918e01ddc4210e56da5,331658
4a407edd6a033ba3abbca06d9eef437e856564dbab43af197d04c0c67856fe8d,329688
3ebf2b6b3c81cff20d8280c8472262565a016feea468a35b5b9402cdb7b5e657,328436
7372a65ec1f85c7387a1ecb90c49664b9cb976a0b73bd398b9533eb4b2799e3b,326984
fb1dc665d2cce93dd583d61d9565a6826a8c3ac27075e9a5a79642c896928ed7,325728
f1cfc33fa464030faec50a09fdbbdf34201814a8e2d5531d741eb4cfe1f3e9dc,323008
df929f06fc9d6434342da9506ffb263b8746eef64c81d3fa64e66bb916f2f184,321520
fdc013a14038212380fa44ed533668ed12a59cde09c9280e577ecdeb8278abef,315766
7f89e36a9735e753756c21c22f9fe52ae650255eb9f7cfbc7256b5bd0b3f51b2,314350
f275d5f3c47fa357144064230feea6a5553f6a30a979a4a59d999522d050cc63,309500
b59e419184b32a2ed41b3e9326ac0de65c0d1219809bbadce97b1ae57ab342b5,309496
8c683957b141b09c886927cab109a3d5f57e2990eac79586c3c7a37c31f3a041,308286
b9cd738796c65f098f30d11970e5d26be3e5be9466847bbd9cbb851a47b020c9,302680
21fb5c221d3f9d699fd3c40a39e861fa2c40ca8a70abd37d89bb116fd766d9b6,301378
71be37861d15986df00d20f5e9e9b79770c1a53e938378d4f939079dc60963f7,301378
19bf629d5c9ca676ae5571e1ff501172ef1dbcedc1b77e304200534a2eccdf02,299924
273ab562e5b930887de6eeb565910412067edcd76558268defe4beea89201d42,298494
f0401a1763e9d74579b631cec5f3991e7475b47be70e77b62d618b8051c8e558,297052
7694cfcd069bb58a64ab25832084a0b3b2b087837aac85bafdb2ad6179a9bcce,296952
6942891a050a910f09f8800078b0c22ddc414d1b5246372f4b5096ae1d3e2cb1,294168
edb290a9ddce3aa5aee627e0d482cb0057a99ab06bb96410393394cc22b7b634,293900
315c2525b526e54c03fa05aaa19dabcb542f95446797d96fb7041cc638cb3f71,293872
b8be9ee0bb33cc822722a125fad0c825f69a9c373afed2a063996e351a2324e0,291284
fee12ebec2801cec8f044a0e3cbdfb9d74a0d83634d97b623ef96820f6325fe5,291284
ddf785f462774401bb10f8fbab10d18056b7c3da6811b9919ff70551cd970eb0,289776
d0d3a580e84abf4295331c292dabd0eb2350c307b26da9f10094723ee9632bb4,286958
3eaf1af78454e5e19cce9d3d002aa69be5350bb88792b053bc93bb80019f7f87,286934
3e511e54efe49cfec90deafd45533d0073dc7eba0ce9d12544d67c63839ce9bd,286734
fa77555fc863a2565d2ed55c94f6ee4a5a194b5375f2915acd9fbcdf806ab64a,285162
47182dc77852572b292c56b1887b4606e702c5c26374ee973707ef5614d00735,284628
eb27b30aa44d0488eba7b2b0c2979d2785348f3c2e2f687132128a0f522d91f4,282632
b9d5199f775fd6a4be6846d41b89e61ac4b7330f35fac85c487a3688349d049b,280670
3aa5282fa997f06f4378b7236be6d2e3e0a891e1f1cd064cec815d3a52e5f2b1,279750
bc573692be653120cc676ef35fb95a1a2b70fef6e77a40c95a8da6a8581702bb,277796
45906abfa004d77553b53324f2925eeb09f474f361731fc8819a518dbad20beb,276864
1ddd9c304c76b32f8f7701391327ca1f2cdcab9492d44d0802d28e73e941dc4d,276476
3e136ffd19b634b7c05b382094dd7b73b39b52bce1e155a1373e1df1cd156e21,275840
c55ff3aa2e4cb4760850377d3135c955182b9924dddd6f0b799098733826eb94,273882
e5f8b4f33ca390650b9ce35deed9db32bc9564004cf24bd4e554b1fe53b96335,272890
494adce3f0f260dc3cccf1bd5a138f8eb34988d6fb46cc8af3b9c8df4954781e,268068
1cf86b19c487cc10ea3bb9623a319454029e040d0f4e9d97d36c4b02c1a01499,267676
9124facfc2dce94601222fc2c9192c4233e0dc7a52f9ef7f28713c5af6d50085,265328
e9916393b398199ef017f67a1904dd9c30323405c6f77cb7e238078d1b550a23,265328
eccba0e976197ef1d3f63ca69b92eb3ddcd5c1419cc94d583efaa5aae5859985,265150
bbd25882cd24ffc834cc1ccd8de692424ae669f2ee7892abef00b1e270095680,263140
810556b6052783a1466e68c7300cd6ce09f01b1a5677f7855a2931337005a46e,262116
b5363262982f9ddea0e1d8acb112df82fb29117fe56eb6c5b9380d47dc13937c,261160
fac5eb7637c8b9aa9488bb0018efbb205c8260eb6040c64050b282ec8cd40d8e,259424
b2e84be1c751bfdba372db1727c5f38489add5ecbfc6607de7b6e2e3b7f0f2a9,259310
6ee5635cdb76e73e4cc1372d3a6e69d70775faa9b23cdc05284b715e5f205cba,259200
c2063754607b4c78526acb0d6b3349e4136c92a124216cdab288439ab25ce2dd,258818
6b7668c8e072b71dafbc76613c99deb7363b5f07ff2f6893d840b49a789f3467,258694
c07f69160fa7c7bbe9b86f43548046dc332ac8123f31d89b77214cfcc3d8f7aa,258578
d387a1bdf8913c6540493d152e0399c2286ee037cbc2dd877521a6dfd8abb985,257210
dc0c230b729e08e4a65a44af84fb82d2126244fb14a0c674daac21308db9ea93,256886
a2104fd9f2d542fa4e309c7daadcd34ecb40b35f95a83acd6c78455dfd364b14,255134
c9d88588883d20925f665117b310e6b34dcf5fa611d3814e4c3e3d8620ce8a8f,254380
3d7d231bb14f73b963ccd9e60bab07f9e2b8139af35d4fdad66a274de3264187,253984
5dc849681a6f9f8ea022f7c25a1ffdf617a69135ceabfc42d2b5908e7b068c07,253382
05d588a53ad6c0bb777d658f3e0a8cf6f1363ef604f75c00b80a36d8f94c754e,252442
cb5ca4c08204830f28c0ec78583be9ba8c155ab98b207d6724e8bbe5354d76f7,252350
d7428366a524e5d20a7877b2e3718258a4e6ad0e212a90b917be281aa84552e4,251238
05926ffecaf1a4009cadb46076cb2eb9c8ab46cbc19da968916ea4c591de0149,250908
45c1032f7ecfdabad39e4f514fa737dd3fbc1f26294246d689338e35c7695fee,250772
b3b31bd21bfefdf16ec3eb5baa307fd8ff5e0349540739165606535f0a1c0bd4,249704
a499765ef7294335d7a0280bb5dd98c671e58409d953f612dccbfab55fe980c5,249312
8985a90c20e09ef3267229f5eea049637a99ffccb90309310ee370714cce76e7,248018
aba21e7a2286e23834132cdadcbeb7ffd9fabfb71d75a57fb5ce3d6673ee9f78,244844
df8fe398881ae479dd906a3cea9256035091f8c67ab447e5e20c6ccce1f5c0c7,244664
e32bda6711ca8131a9de1aea1e1f256fc52bb8948ada6da442cf6a18164063ac,243698
089983f42a310dce1d956ff7d70959202eefdfc63e514e1caf6b17eedef8002f,242256
434642aab97ddb3b141a7a412f0f1f52288ba58a8aee64477f20c472f80a1589,242254
35939991ac008de67a34134349999e278ab4b91371ad34bf045fb280e2dee81e,237930
7d3f27baf04337d984241d50067ef7fcec2ae1bbea5d88383a8b2669ca88a4db,237930
df5321cd19ac27a31879b5c190bc0ac8a107451ba00f78be014d98104858c465,237712
0cd6c0593fb01c9b067a6cc7a5955b1314627310bbe84fba749824a652690dae,237600
9b79de85679a15e17ed274a68b78e1fee5d94d78d82d81fd891f2ea0ba1ebb82,234722
b635ab2f6cd35a398108cc1d8bb0450ba7b0feb9d8c1cbd1940abafa54bad437,233388
f9bde7dd14506c31d9965412817cc624f97115244520beebdd1cd6e2f961f4ee,232542
7c52fc4cbf75bb4d6b8c02e8ebf8dd3e24cd6c0998205b627489c5b7c63c9e09,231886
059fa6935b78f577960a9a6842e232dc8b01f2ff56a976408b23d193309118ab,231844
7695b43b41732a0f15d3799c8eed2852665fe8da29fd700c383550fc16e521a3,230718
a86bcd9360c8bc9843b59186ba1d8ecf2dd4b5457ed8225e30ca7c47c5555bc2,230596
5f2fa00b938d7e48bd2351cca81cb5023e03596f16d4647b06804401e594bf1d,230560
fdf57ec4d0c3bed424071bade6afeee01c4c244889e73150bf71ca2186bb45c7,229336
4637f0bbfe40b1bbc52fb9ebc065e1f33cf7e9187090ae57fe4147b8f69ef13d,229184
d9436ac890125f9d53d2485336c9c98adcf90325c99ade8b1d345c5679976368,227834
07ec262fa74a9698e8bd99b84412ad841f49eeeb5216ef40a040bdcf28a39f6d,227756
b6fff9281fd34bade5f2ddc90d5257dda497e6e8b9c62866b8f1da5bc11c5e95,227362
eb7ce54148779f812f2c7f07f18ef4ed269043b9f6b9599f911aa7b24751e6f0,226858
d38d0076ef7537259cf2ec5a60e8b15f1d1665911a731de19e87cbcdfe3def6e,226394
5f876a7340841ba7d9021abcfe009ff7179ab83f9ccf32c2ab7513397d345744,225000
d7b85389a523bf9cb0b798a4c3ac9ba515cac94998b8948ee6461500439ba3ba,224952
918aa930a3258dcba8035fe86b550ca566e269cde60def77382a99238ef468c9,224802
2ce41e5530b990a38b7be478e5b9d6863170e0a9e9007420959187e9a25403d1,224796
603aae0f91a8301550454a6d43d03e1559979d09429d2c529151c0f5e9c5bb12,224792
6b1469e20205cf72bca5c0265191a6bbfbba7fb79cb59c54095a2f1582cf847d,224744
ef75014e5762e9800817aab677523a1dc86f0205a3518c6b69d11516018e1092,224742
f681555fbeec49eb133b471a1f1d1146499213e02dfa3a3dcbbb0cf5b7d6c53f,224104
266a126224b523904fffaba91a3c5f27f45f521bd1e5489ecd8fe2bc14366c47,220990
106875ea53b982360288d78f72719791f7f16b0456b16ec8fe1a14b199884b08,220422
503dea66740548bcc1d3d52c47a99bf44b8976370ce3651e09e0e363e6a4d5f5,220420
5bad11212c07c5ad329c063cfe366524c9cf864b3bb843ffb90c3e42c05fa733,218970
bf82a41c72a583993fb28c43234b0ef6fd3bc48673c378b82a7940db5b9f8a12,216676
726090a08973bacd2db880cd337d9754e280ed9ce968e7a466107231fedf991e,216300
0d9e84da37ba309dbcffcf609e01ecdab34a8a782a0c4f10707a0bcce809458c,216158
df2c0d33c18d64e3fb89cae2d6d0495f875a48b5f43a19aca6d92f64e55b4082,214730
a8cb12a887369a8289783a11f8213bdbbf46aa863329c642398206903fb95733,212708
35fab2d465f68faa3c80b3914045218d4ace703295b997a4c0a8051fdfec6a2e,211680
3ae5b1b2f41b92b684d4f20d62741892bccdb1aaf4ef48b5c2b41f43316fb214,210532
11d91e6aa203022612e8de1155632eb4b2c6abfde9d3f65d51926d591a759497,209090
1df5d4f7bdcfb290b7a62ea337842ca5d03bf947865860d3601cdb875070c4a2,209090
4d0b40546839cfee1bb9cb952f154345f2b8e1aaba49ae1fde328df41b43208e,208776
24d2967ce1daa3b8087af5d6e47b31f59634996feec8362739a71d58363d755b,207306
1c8c35246acabe50614e77fda030e41dfd027163b29f2cff86f94fef74c93fd5,206720
e2350413f1606f6332ee2a2d98f09029cd454b0b216b244314f0f32f96b2308c,203466
76c31d8f22635a113720bddbd0b82ff47a2e3728fb158918223aa5cd6941fb15,203248
b9caec3766a8fa04ae7ea98bf4059e066bb7522ff7d8962e22a011968c6012a4,203246
bc1c67290cb04b163cec4ec46ba5840a59fadb50b204ad2119d2697e2abbb9b7,202852
e13fbd56fb05bc279aed4e025f7d97ff2cd714e14bdbc7eb8f01d99ec0bb09f6,201880
bd4499df15ab16e02c23a2b6cb234ea4a940095cde1209d584890afdf21096b7,200898
557521b4a27c8951b84aefa08635408ea5cef467ad28819ee416d0538bd23bfd,199552
1806ae56f96bfdfdb1f045d69c076e608f9c35f8841a5637f01cbac07391d88f,197626
3ab907c6a3e3c1a545e07a2189c2a0b3b625a6a17dbb2832b3ac48d56bc90738,195748
855c028361c11d890da0628dafefc5513c8daa5afa0876e6ef53b79ec0dbf1bb,195680
00d7f431c614ceb809744092d9dc731b93b77de8d834e5759b0befe055378777,194580
231d1ad43600c514499070e5a9e9d5bef423ff7a615e9956589eb54c3afeec64,194480
b1ecb8cccf4d23374bcfae2751b7d867f61f3d5fa529ef50192f3abd2c47c286,194472
61c5783ad62386f08a1a27482bb472b8aba3e3ea3042e975f8819c197d99ebe8,193746
91794c6c76372cffc8c1b96796df4790b0f04b3ac8d340a44637d5f24e46e6ad,193322
9a0f0dd3e278f678cfa3f874a7c74af8206de653ec0396688b4f18562f41d87f,193228
fa25161c7dedc3e192f07a76f54766f93c1862a6153b3cf191495752b926a7e7,193228
a9cd30c90ea19c56f4cd480ff0c31461a7934c0500c447435bcfeca09d44cb7c,192748
053aaa31e89b1dbcdc31e2aa0d2aeec872f145550b683a61c91d6f3891cecd62,190388
4b2de27980df79b742a1ed0f2150a28feb853b577eeba467bdf06b1b58b3db22,190080
4cb80624d7a17ac8850f5d587fde49acfaf38d6b7c206a1163f2edcb4e6e00f4,190048
af4bc6d7211a9c25009c5d917212ef252c19d8b494290493f18be958e1e6e504,189904
f82d2832090e8fd569d456d01012d8a12943f7b8bc00ada2bba186b0961991f9,188988
57bd4ae0b5f7af31136c4fbb2ab96b6175a671e164522c7b20f383c3c321495d,186018
7a2d4f269b3636fb8fa459526646e32ecc5feb9e52ebd92fcce2f174a81fa1e7,186018
a59a3623a2f99ada4356af8c0e511873fa9dd260d49bdb86ca19ea32b61ab124,186018
c0546da85e17ef32e7bd58554f87fdc46c8ea840df8b9e8eefe12c2173402c1e,185932
94f171ca24dac8ee91dc9da6fbbc0583e2e264ce04bab49d7da7cebeae15bd20,185072
ded27df6b2a1afab7afa7de1bcedd65d22f97a6fcba4edaf5367be0993284d41,184726
7e3efe8a09f0ac60c26bf5ad5fa66a83696e4a0f608f890e8485ae7acefe2545,183118
0e36b8ed1daf9903b6d63f30267ad58724a78dd4970a5cceda25a4a9290fbcb7,182966
01b68874430d73c15b5f85ef48e66adea74c2011f413fb8dfe09db48df0b161d,181692
856af0816af9ddb8bb358a6448f19d434e20d973a34ea4e7a9aa2ed51a9c80cb,181692
fcffd00090117106d870339a18858304868e8ddd259f66045596983c668e5b0b,181566
04629083dca233713ffc43c844ebeddc780373190c10faab09c1dc11b279e052,180748
c640dd552a825abe9830a9ea1e1425f419e68bccb59cb5a0df5e169144c1bec5,180684
b45104448ecd4773a32dc30fae74c0c4bd6c622c4fbb81bbc6c659c7dac097a7,178808
ac4eacdb2298a587b38ba9d967a0b8eaec04d19a9fea6eed7ad603f6adf6a042,178684
9834584690d0d9733f92e731af337cd42dec67c0d987fce05903ced52a8f09e1,178560
235f1c2d99c762362019c64ee781c14c9837c472f5df3f38257ecbcc078facca,177366
ca43d1f2ea299b9b42bc6e93012b318adbefeeac621c82ef732fcd0241465d62,177250
cd9f0bdb23f84524792d3e512a7e329946d4e65662e6e650d340ac60ad254e17,177166
4dd620e520ac12d81d17e010ef3997bd0e6abce62b1308e6c9ef1ec23589ce7b,175924
6fe9299d282a4880260cc300e4c0c22a5d10f0e2d78753c1b5795c87ef0827af,172242
9c7ca3c320409e3fa4d1aa51056d07066097f68a9d96bede07d64406fc559562,171834
9855396e8b703a93c92bbac04ff76d075a3ad65d93aafa80865de1f28d6ab3c6,171704
00cad2e97b00e0452aa5bdce6a72d9946df32edaf79e7e2df9f932c7cb0ca1e5,171158
e02c1d0906b0942704983a4cd82fd9b89063a3d7aa91e1fa0a59d39eca31bada,170970
6169acee51601352d50e58aa212e556a58b0fc55d1f54bf49f72cf47e6748472,170808
7af32c2135c1225df61ca44a4f2e61676d8f59fd21b596d9e21709a2a331c063,170136
30c95505cf5a76d5b291bd0fb87aae61e83f8909c6e97914b52ad45c8fd37eea,169920
66da80aefc2c554b17ee1982b390f2aa1a774aad353878d027dd392f64ee04a1,168714
c15e454ed56da09cff914684ee4e4c3c97b5c0b22483bec2b1bc61f31ada87b4,168714
f1f7e4f7304e8ae6c8710de5a6a389f5bf166187d86707c5444ba9f6be04770d,168714
bdbf6f692d0e901973cb922ea9fe418a8fe807d65461a141d0980a0bf2c7e5a5,168558
c7bb34cd56730fb6f3fc7b3e1ca1ad3de82fbc8b23c049fde156519a2c15c101,168326
e52c78f5c78eab849baa283a62be6902afcd6c5f7d423176f6796faa23033416,168170
da7ee9e92e4a9fae96d14e8aeeccccffb4f0a7d9a89944f229cc4e4bec2cb325,167272
57d383b88556693507bd44a781f97974e13f58ccbc4f4841bba258222265d373,165232
02bb03429fd7f79d5d8acb3b7f3f82e0f0ce949cc8f812638c90470c7ff957f4,164388
c7da4297c678a12e5298bbebed6599928424f56cf4b1e19c8abf6c258e3be558,164238
a50b33e4d3c7fb9855dced70b5b180afa83a1bdf1738784e40fc74a4f15d78b5,164234
0289b9eb4e99a3ee736f1a95aa794231a181ef4ea301f165180e30efdd4c5133,161504
2bac8d59659818c1d960bddb7953c622c0885d689fc8597b8b41821805672333,161504
8a330ad12bf3fb9432bbc83dac3d542bbf1b288529c75fd9ef2064dfa8a9ef16,161504
24c4cbe1cd34a8175d569d094b556aa444676a16107a74e88588407610a1391c,161412
e7a7e1378e1f72051d54bf3af820e93834197809ba420d20562f625767a3440e,161388
76c2f21d73550ff3f866d210323029e2dde3d5223a9015701953a6f47fe9b9bd,161288
4d55340a4254d750231e48381f7c301ea92abef0f0770998d149e033c9b9759b,161284
2dae55aca6f9c5099a8eb93350854e4822ec79e9dc2a6832b4856408bc839455,161282
b5cebafb32f9d9f92a3458b781d721e18fdf2de674a3ac6ce7493fd76511afa8,159988
a37895a8230a8cd0434d66b3c83701e8de6c29add9922c035b44e655647a483e,159914
996e05da5f2310f1345fae59f73b4c5cffcc28f8d8749b0afc89fcc58d47b71d,159900
1444f9468ec8c5761e5090225b1c87e46e8e6f1145329db98113b7754aac7c70,159700
906851a3b0bbfecb348804f8de2e93dc393c4764a3d22e9fa1cfa7de6025dd98,159622
cf15e7d188175b5d7837d7198f1f6a981334552e74625b5f53cfb99111d3367a,159406
a236141b113c4c5b6da7c75c83e8c841d5f26d2a5665b88190bc61a8bc392ff3,159328
9668e8f021c8e12fc37f5c9ec0df844acd935a0d84c9807e9b149ba282f745b7,158620
436409f9a7652a56abdf400c04cbf465bccfaa4a819113481c78e027fe3e7afb,158358
157a5cebb4cbd1057e6783f8ab9dd9f2d2b72273cb9c368028359994bac6a1ff,157178
5653eaefc1645f716c1e5884700f11f29873d7d5440433280019cd3e3870e90e,155592
e3eccf9b63d85a18f0df621d20f8599faea6025cc9fb9b3e004e295a86d0b84f,155592
6b48b9a714756f93723c86547e98a5e692a3710861b82c24ec156149592111f4,155590
0c54162ca23253f04d225f101a03580d9621f0da53b08982e2e570f8c1a698c7,155466
e762c9bd726d26ab2ad84fb9bc37fe7e729a7f1e60f9e4faef9b22b003726bd0,154506
ac9e6d1b042c85c535bde6989807e35e90f7c3dcf84d714ef682ceeae818f8ef,154430
2fef88e34825a550df56d3a159b3089e3535b91996df23a050eb20fa12489c8f,154308
23e1bd91dd3d795d3ba7445223a33afff262ddf5daf58481b52a93e4513ea087,153700
d288ddaf74ec0809d3f335cfd29050b057f17e4536241cb7d36e1f9cbeea7897,153472
27b124d9646382aafc353839d486338edceeb1bb03cbe143fa87c86c147cc84a,152852
6aa4e9f918b33354e6eb817762475bff0be98e3ca1dd0b8d9633035407449886,152632
e34bfa7851ab63d1172b1ea22f2bde8d6902077f352461b07ac5c42e05be1626,152072
db985062d0aee4bce05b05c48f79d627d7f30572e8c745ac54e5c8f5865a6d5a,152064
1224ab4a5244545b7333a290aaccc95e49f2a793457d21023e568b0a09b8e185,151740
9e3e179af3f5bd2830d9991e049cc8ae60ee7f396718d91613f839ec4606d281,151410
cc5e482dd37081c8a7f76fa77de09e805a95ef35cbd7604941cfd30091d9f416,151410
0754c211dd9fb69fcda626915a5224ec20406cfdad237892e58c79f55f33a772,151200
db5c4d5da0e1069f1d1f3720b6360cbc7c8bd49386a936def50e8d007b26b917,151200
0d4dad186b444d67ea772fc08570399f250a8d546dc42377f3251c31133df94f,149758
cba27b1029da08c0bed4d526c378a3081b0119436cfa3c78a2f792304347dc4e,148532
229c7e92064d9810b7e3165d0eda4eafcbff772530e1b0d95827f4e8d9a1d03d,148458
31330ec84f90071c92e3f88b558c1f8568e9b5e87d6ae7ac891b1eb5af2c89ef,147652
8d12e0173f85e2711266aaa534a998997b52265e2c1c280fea7d6eca546c4bea,147398
a02426f289a5396ce87d0ab1ff795b40d57b266e1571513ea1fe9ef6eab8c772,147070
afd45c934f07a26cb051f0dcaba4934fed1612f9c8a02dcee53bdc5e40363745,147042
a0862f9cef156c59b17e4d3ecfb3dba4dfcfbc4eb1113bac684fbe0c2e464716,146840
208902b35e192a5f4df42de67d5c10bad3ca68e4ad844cbc1dcd14435b8abf8a,146260
afd9b5752cb8900b45ddc723bffa719b7c3e948a5e5a86b2f8eea53ee69d8e28,145978
d744844b12daa5d089ccce8bab065ee989d81843db158821e2588cb5334cfe62,145642
f62fcc333342124f61d109ceafb5db427f389a0c32f047ef041f93c12591a02b,145642
ec116de9295f098303af5f8187e97f5bf102fcc6ba18705aa8e259900be7c702,145510
e577f5c23c12ea7c998bf41569d9d6a235211c9711cb1f86717e62f0130350ab,142758
1e44834f8aaedbdc8bcc77833526665f42e5497c9a7a0318adea714b17308a72,142724
2d14d813fca5bd2061cdb6a7b0bb07507354c9e1c9ebcbfdaa11cd23ef05609f,142626
6a037b933ab7b230f6a78bc49d514e7d0021f3c272859771c3dc63150b31c04e,142626
b1f8c9794d52786fd98f86660a2a8c66a12350d41a9cfc1913a5561dc70ad472,142626
44072aaac36fe5ed760c8ab6a9e57bed7870fa68c928347fcfa3a29e531df493,141796
b1379a089ff30040fc0b1e483cbdab1e80880a03d50f868fa7298a090fb3e484,139636
2de253b358aed97b2a31e03e0e146ae706e689b991b3a26d22bb5fe465da4d90,138446
159eafe7e8d59656f3f1b913cca6b8fb0127e62a7019f5639fc7f701afc21f9e,138432
81a9f66b357ede2b11708d8ec65953489eabeefaa552aaeae5879bfe0fe20198,138432
d29af02c87e36e2e5678a03838b11e504d16db23d9bc74d5e276e308541a4230,138432
36ea2d4307b580917ab44d0600931e9b526f0e211ecbd6c6248b670639406d5e,137562
9f311ea6f261ae9e5656e6980979ab80102273326e3e4390461d2eed3b2a711f,137324
6847272dc1938e70fc98ef40ff43dbd9aaa96bbc0a6f277c641b9339b6c46f48,135548
6d430ad304b8dcafd1de32f381686201e2cda1b6deec56f16cf9f3d1101fa3d1,135454
ea41fc6c6b9a3ff9bfca03f57b78b37de0f41e866f007ef4b04ed39dd184888a,135438
d888067d7a1de342cbc3b75cc4ca657dad20e8dda2614675bea95762eaae3530,135424
b9cf559d09c930f353991287807be084a84070eb65b7f2a29a218010e9bab3fd,135360
370b6ca618c66d92bcf3acb6e8382fc6af8f1973267d190d410dbbb6bc8f90da,135330
36e8643cacbf044eb2d0f6f9f1912fbd0dcae3fb590d3bed31112c5f4f66f272,135172
df5cc74edafc0506b76930240f09251ba5257f59c16cc90b9983b7caaccdfa0d,135148
ce374c9db85025c449f191bba59bc3c7a40e05d9ac2fc761ff48a46fb359abc5,134844
b72f2acb9510fcb39c424da5b570f4089ff2d7071f023f3359b2b7ec1752417a,134426
6ae809c550c2a48a7f08bb81a08d01e30e086af9adda0067b0dd0ea9441eccc3,133982
dbcbac8c618d9d04d39fdd41759a1ba251e5ad1eae1ebdd98255c36942ba3d93,133982
e36bb1e19c930ee1e624e55a4258fc1421a643e63529b9c2be9e1f0c49eeba5a,133894
b1cb9c32d9de11ba1e77fdb6f53d08c723cf92a1a1e68cff9b08762e3641d8db,133332
7a616bdead5df3eb62c68e3c1ec8cab69702bf9e43d75a28e7fb7f6d679a1020,132844
7b6cac3c1297a7d9c87e2fd3f6bf27cd6c26a76378fc32eb0fa9b1a2bcf5c8c7,132800
7b56676eb8a95858f3eb5f8cda3bdda87ef0e903860507e110966bd228595f4b,132622
1e494f1f172b0f2852fd1cf7a8b42959f151dc070d6ee634713b6791fd06982b,132546
8747317918a09d2e6326c1126eef855fb951a7e2e8dd8455425ca2af8ea03ddf,132516
ae3bf5000fde9da9d1c495e03eb55aab31c1f0c6bbcc8f5755b78216b5176eeb,132480
f00cc9018d513e6f32445f6bb1608d849cd0a46da0872113610c53ed1340de0c,132026
75e4a89559db6beb8fcef2e1ebc8a2a1b4bc42b99c27263cee36123b709e1d40,131712
4599f7a798d7579464bf803f8e465f1c6e72821a327653ba764a4083203f1b6f,131008
b56048de41b6fe7fd1d9b70e636c61946ce43774fe78999ef2dcf596928e1644,129880
bbff5552531b3f6d4c8f4ea4c66dc3b991f504e0612c2c6e7297a637447b7813,129772
18b3ed26a8d05cec8c2a729f296184951094639bc81ed7deb81fa3f8603db71f,129760
5353ee92ca6aa95f2a2ac4e00bb72d2d5179708273e19eff3f687fd834e8e873,129660
c4fcfc22f9f00ca28614396e9b6587cd402e7b229bdbc4747c433f4b7eb135cc,129486
784ec45039465c5bb9a13e2f0b3b8039ac68b490522cb904b66e662ae9523068,128926
2cc0519220024a72658adcc4ac5eea9d1f2dd2cbd016361be01dbaa916b7bec8,128634
39c81d22faa34965afa27b513af4bf9c53e66b2879239a308fed486ce165511c,128222
7699baf89322fb0d0ad31ff55bea5beae882d0335675664ee7c5ce268b111d9f,128142
939c9d2485b8e592a378eeaa8422b26f419150b9d37d92c521e4424ced4eab8c,126830
552c0b3d20bd0ee80f3d545096b3603cab0eee116c6720229844d62dba9821ba,125338
77e7ea5f7b9e851091a3f437091f979e6e7f76e9c463201361cbc8a9475f9987,125338
90df8cf6be7f337375340bba4c9cdbde0a1ddc400705383e911b67f02b793f18,125338
40a73433fb41bb03fef05c0bbec6726b6c6a7e23e9fd2fc8709763371ec5de57,125300
3f9452d563e11aec67e767fba78fd1dd9b59f27e4c2c2d72ff6af9391225c97c,124274
388c2211b1eb35577369a5f8f727c957f6ad07d703ba80bd20726531d711a44b,124012
5e2188ff80a84867382a8f5522f158a7626d47d58baa45df6d6e81a2fff4911d,124012
a8d32e7bf3ca010f3960f8c0e12f1dbd4ec6f373ae70be440554d66536943a05,123840
cb1f30279c49c119cb7f721af3dfe64f914d7a691eced6b461e6b23b62e2f887,123734
18a9f3acd887d2681be07b0f3b54530680cfd5b05e4d415dffe7d8662902e890,121128
3e9741c42950080501e816df38ee698b8571ffda166c09d3d9ed9254e12c5bd0,121128
7b6897f8202c8636bcc5dd8144ec856f9f6c72650d250025a11208449338fa3e,121128
d4c16d4a3f240e0d11eef75a75a02e08cea16507f5a39b88c4e55ec69b2a53c7,121128
6416360e79cb822cb11bac8cced2d5b29315d47661331149f87e54172f816ebf,120962
73dc0b88853241955161056b003518112b11b6648ed1fedeb0f39567a0e29346,120958
2a1f22682f73db8ce3a7f03300f0ab88dad43ad26c4b1f186d40d31caa6277ae,120900
5184cbc4ede052503df47fadfe268ea4dfe174620aada46886bcba280a00508b,120812
3cf752067ea97581512f652d9f9af0cfbddd67d4145e9d81138354f9f1da9e5d,120482
8fdc3da3cc6b5fe58781140a6dc13538fc976455d21f8ebf96e9e67b9e53221b,120414
9c60d021c2c928d3be379d009249af2320273c1b3920b02c1a726587f101ed47,120398
59c21db6cb26ae2a02ff7509f3da23fcd75b13986cd727c0122a9fc87ad4ef1c,120396
93f9fc4fcdba3500ce8b9ebe983b7b87bfa9863e20813d6dbc783a8f6711e925,120054
b234d76768ef8c44563ff77f7b4b1214f95b1878bbf5bfa2af25ac5d30fde7a6,119636
6457b0f84da615fee74a4e3772a0c7406f55f6b21d71f359f68e3cc31d110f99,119522
7c83af336c553e27aa516ae7bd17209f0f35a92aad143c5ffa3ddf9909881c22,118806
fe17d2887e132bbcb60fe88d50c4bf79253bf056e2add72b188331bc2130648e,117832
8cf4245297a98f6085ccde5acdce8462e900a8acb25492b7f658fa5ca20a07ed,116802
4f50ea08adf056958a230021f65bfd3cd170f53143c3036574863b2b05f0eaf9,116684
ab58c9d5adeca4f3d1f138efe0f8760f4b6dab532e9f3ed5a0fab47bb88f4593,116168
c01661acde58e68009fa5af463c5ef1da7be8b22694a0817800f630613433796,115360
3e996365e3736cbec442792782f983b455217508b3c8cd6cba559c0d40d4d889,115286
fcc9cf206e07eb5f3e5479e96a915af0f1aa43ed4435b66194c731ef7e07250a,114646
4e60ab283cf17ad7aa19961db73a4a4043d10cc86f73c047c3e0795608257ed4,113620
746ad83e945b26e35934a70bc2ef6973d907ebfc99f457b5f3b87e3ac3632a9e,113542
4623e37daab3d0db3a67d16272ca3c28b29740ea19a6663573d38095e4329fc8,113126
ea37f467a4ed28ec023bc302e3d726a6dc5b233a4421837922c0b4c7ea462795,112476
b7cda22ccee774733714a645967e7ead49ebea8c351fdd755bc27564f9c1de04,112424
4174e9c2b76c520e19ee7b87efd6738dcb870a76a336303960c6854ce4371753,112384
b320e80c17577df41918abd8ebd1e2ed806169ebdd3ae2d34c77a2811d8c1e5f,112322
ed5caafbd9e92367311d5508a9145a86cd0d3e1c0d49bc02f2ce0a0b628dd05a,111988
18cedcd55facd4b0c857a905184c3486910605ab3edc89dbe3d4be67e65c1c7a,111034
c1796516567eb846f3a3a5a3f172ceeab52b8f1815e738e5e101567ca18dbe82,110910
988bf4752aa2528101392cc5ef18dda5b265a340437f2f2e0e84c1c7f93b0018,110676
b250f72d85f6b6094b4ad82c8ce510e6b4235cb16deb7813d054501797ffc5ef,109136
a95e6db6ea2a51fa58a0a287c022730de377c9838d0c4c6e40a6e0536b2d1778,108050
a47b1e9cc6e290ee05e15da756a7806104e1e96577b13d4b38884f88eb43e7cc,108036
80bc1bd7a1afd56d0b431d6b5e53054e1e8e57b67211731c5b0434dc558714a9,108000
8d2a077f7efd4d96ab602f2c845be5ddca7b6d542025e4314a7ad004989ab818,107930
99f56cfedc39972425c9447491e317a65d24a5f6587f885e3b8a5d784e0e92e7,106708
c71d660a3f0b1cc0bdbbb842cecddae776ccc1d64fa447ad097b1e7a7b2da432,106612
fb750d9e38225fe305f254bb00cfba22138845328abf1564dbda306910bd66a5,106604
dedc840fcb341695f620d777cfe4bb9c18e9d731cee589c3418c3d476172af2a,106032
b2fa85a99de82090b021dd9d2b4e8d05e91f28fa9dfbf6f4cbe181cd0378a61f,105726
0575a4af05212ac6e37498630d399ce869076ea3817e1f3c380b62e668ed11c8,105118
27ebb8700e06c587c5695280564890f92abecc7cb26fab54eb377bd83f15f0fb,104896
23c83ce92594602cd1572af05ad96368ca6d11ce4e4db40b4204c1fe47777c16,104582
35736abff9147fca348e75799584cad78b7b8dc68178dc281d5ad0b226263dc3,104040
147186e34cafc07067650b919d588b948d8ca5baadef071edfef190558d73bce,103824
d838b7e3bdb884a45267d6d626501e86c0522f0f166fb35e083bd861392d0590,103740
0bfbde3971e54e8e006fbc766d25592173351ebed8337b39532804f6ec972228,103680
a7136c0d459b6e0ce968ce5171ed5f543b9ffbcfdca362a282599ecda85582be,103644
b42838a52e795b642e662b7861fcea24cbcf4ec22de8d6a7dfedad9c95366ff3,103356
3bad21156973c336c965d60006ceaa3a23136e057d855a7d5663c1cabc8938aa,102240
554ea4b6551ecc907171bd74c27180eb5d9d4a2de0cc49b57cc6cf8ac888dc5d,101126
4e8ce61ee9c991a80141c7b5f7beda46d0c8b8799d3710f8a6d4c4141686592f,100802
0c702154f89043670361b98a1a4fae4d6740baf5bef5273db56faf1e837eae51,99498
3adb9e5697dd1e12e19f790e109cfaa8fb70aad848a2dcebd5b7c91158938b94,99498
73f6d8a8dceebd7475a100eab899082be5f8ad2234356908f32e8aa84b71eb55,99498
089d3cd7541eda1182fbea5635e6c6309aae45db7eae2467910c991545b5ccf5,99430
8e0c180ac6ac8dde938ba415457711200c59d5d7389d3ae579dbcef1172e9931,99360
6fcffa27c740ee775cbf96c0eed57df9bfafc1e3998dc9756fc3b56b7a735c26,99268
7fe8f322565fc9ded1193c87a341c97679e5445507b8d90f1b73e02c167716f5,99196
9abea9ad3767f81b8a253f19d53d738df8744116c91f2564f0b10fb6de3b7b53,99172
176bfd03ec72cc5155f3c72147b4cec491099ba4cea3df1c142eaffb735d7780,98056
6485599ca87762ee58f97afac85e645e0b4140cdea0f518992b180fc7184c179,97986
ee9d1dda1eb6aa21dda37dd510e24399257b9f4ae6e84507d939117ff7418d36,97890
5e79453d4a01b1bd2ccf59e3ef49ad1722a13a5622876611fe7539393a70d491,96502
07fcb31cc3eb5bf0d258e8293fed29ecf10d6d9265a93444c32f4872f4f591a4,95762
4546404ae91f80bc58f784f6ccd95dcd4aeb28e76665ee49498f69ba61dafc23,95172
7d23087eb792acb037003e30b86b836ff9e44d4df6179e78b684ce8892aa5eec,95172
8af29b6aaa4f473b30a1ae2197b5f210331d21810c3491fcfee23a8cf7412ce2,95172
cba7627b5602921a86e8c61a982ed8f15433bb4302b63e04786e6914bc734fa8,95172
fc9f9a6ed2c7c2488eacf76364e3d6dcfe3bb237d0405610270774a6924a0664,95172
5a9eef6f39d2daff5d36579da1ac504c29733d49dac8e58e3b1de24a80cb7201,95084
868136ef25a3092bba5bc4fbdd98a10e4624cec018c9c1529eedb3c01414da5a,95062
d21bd8de14e8d34dbe4140736321a7a1349a198230e863e9e2acb02f8905a28d,93826
7a1c153f334a63ae491e7fbf303162576d0894933eab3d2b772eeaa5775b1dde,93730
b8345da97dd2a1327f264b6eb0ec83cb9c5cdc372be65269967dba2070560239,93028
9e0514e43bed85f1f5ce41d3326c4aa6cf6984590cb4514aeeda36f3ce509eaf,93012
75c99290f719562c163a7af7b497e7f2311fb125bb841943437f9fde9dab8bc1,92288
6fe2684fb7fc02898e7b9de94a66f46a97bea303b18ffb916227e9783112f69f,92212
2a8ff5d086c8965caf9c0e93c7e963a360fef5eb38e5af8db26690d6824569d1,92180
563ba0438604c5d768ab2d699269c73916815ee8d437abf4e865222046c994cd,92160
5884b8daeacf7fc0b66674de29e4ac703311a6f62a68cc1e7fb946801de08c6b,91272
3262169cd55939c458b7a1bc17c0896943459c04630777d1ccf1aa9a7a8134bf,90392
c66d0e036dcdee7163bd4635a130ab516a055ef066dacab171cd1524799be53b,90334
a61b25df74c276ce01ad72f0cc627681718122d4f3f751c7df48c98d5d62fa5e,89404
1b973bb9ef7e82e9bf04ff03a6a49eacdcdde8a0a79818e3e82057fcc2d97948,89356
a76e7792338e076154f750a65d315acd2795650548392f4ec033a97133b2ab25,87922
f7540e1675094d8cf35291ed24effa725bcf809a8401e659ec98cfed73c564bf,87922
a74d76089eeb18804741e58f51a2140ce3d97b688ff8a3b9566f211712eb3075,87384
f1404a0906a112d635cb1f378151a247d12e0f084e668feebf578cbd45364b09,86520
fd924b5e78ca8a6b6d67a30beb2adc3b70bd4cf7085c4fe87d8f40e6da14e949,86520
50068852e587317030500e5a0f7f2492d7c6062bc8da2ff980d349d2512151e9,86516
df9626b661613a11f429b362464c2e1665139698181f517da8861d2b7476d102,86440
69b2e9507bc26035b4f7d2ce084d17029c40ddf06a7b846f667a287896c54e4e,86420
b680e6a750b54aa291680f6d47037c68016cb85d5e6616a9935469c331dfe07d,86400
295823be3274eff17b99368f5231168a9f89101d9558ef73015ffc1c269a5af8,86398
e40c4323fb2422db1597edc14ea77aa028cdff19961af3a772b6e01fbc54d837,86156
b5ea758ee3adcca91a949c2a9127e70263db887da3530cef2a0b49c1f132f591,86148
6d04d54e21eac663031b390735bccb1d47b626bd03d1fcc485ae0e6fc217ba6d,85554
e24a16d11ddc68dd4e4ff81b0b1c5c4395066b8c60e6b29ff54812f731014ead,85374
16b8fbfd446c7516695ddf5c34f5654b3f074a8cd1880ced7f594406b88e0669,84562
cee70de7be4767d00cd5d1b975bbcfeeb77b8072a0c6dac0319403b074973bfe,83682
3c66f13a0d7877fa0d2612bc2ef6bd5ba307392eb47de073c58387c9d52915bc,83636
47b9ac2c1481cece2d3b38f09074ba4c23ae653c21445a7db74ac0d73f21c676,83636
da65d8ce314755e242a9f4067e4943e1d0d0993642b33be40a7349fe10e21525,83636
8618b225490a87fe3fc2845796e7892246cdf36c0703ef15b8862b8e726122ad,83018
ecaeb1a5dc1247c9232ec7cebc30f5e2153c41eb67de831ddfea81817331fdfc,82948
872c750989721ec04d5fe5491bce4ad0e6093a6b2057e3f58f3f4db4daf9a4d8,82640
bf4f503caf8d16daa2442ab99e89d3cc94e4932302bd724a79791a303442f553,82214
5c32feba893b831a22b2cacf9e101d4b17068bfe3ae3d122a9cba88ec6007f6d,82194
a8d80521e7de009a2d96fb39604466290ea1a5e5ca3650a5e6aaddc8cf576c55,82194
d1cfb72cb3209836a6c2efce9d1b4b7ce29fcf7dd521d6265cd29ab41f66301b,82142
70b74aabe5030d2bacd9302e3e88aa58953e612881cf1bb83d9ae39e30204465,81120
fbf52b5a81924e56dc664a6e1433c8b35bfbc951f429c2e7ba2546f6544b008e,81102
b4fe0a362aca29045230e76933454745a2724849c958783d01ea63399342c6a0,80756
c2b8671043c1130ceb8cd7bf7a001698881bcdbc351d4bde1b4eb6695b130543,80752
e05dee4fcf1a24a81104312389ef6e32e849dfae026b0a12847be647a5a1af6a,80752
44d2cc0752dce00e8735e4d86789022ee68d4dc83d783d14e1cc6a28018b51c1,80724
daa312b7d43ebc40418dac11463874b27bd7d320ca79fdb368a8de40e52cee6e,80678
651e452f96fc03a829bb591c2c74b3d341710cbf36b929294327eb48a956ab39,80660
277696142f47fe46c16a78a46bc40f0922b5212ba487dc6ed6feb59add3e94ba,80640
931756058560ddf3d08e2ca2ec64e953f0bb288e2a0a71771baff62b9c93f876,80640
c0d244cb3f3b932ca659c881741c923448c065f04fb2124f0adb8ee84b63de17,80524
0801d3a1f4d2b1ca3e6a48a15c4acda1e2934a54d4c0262918c0e0d69bfbd895,80464
6967ed66483a6e6d3d5d4584246f2678a9276c5a1ef9f037ad2ee9cd13a337df,79352
5fa1ba02c172d507ef5dff9fcd998f13ed55b14cb3bd4d1658a75a2504d88cc9,79310
824f089b68aebeee85241de91e9ac5dc5e59a9326b26017a7568212aa7a5935f,79310
b0d219f993f83c8e863490bd02435bd1a06cc47a6839b56b05602efdcd44205e,79274
153cd4944dee4958a48994b3b2496e6b70933a22e30dd9897ee72683571e8a26,78750
0300b20b04044f3ec61454ee3fd2abb42b88de4683247abb726d8d7a36c822b2,77874
9ecc5e8f6d6b9ed4ff8a7eef5281eff38285cd1edea5b2c8cea80f13d8275eb0,77868
c7c36a1566cfdc0e3467fd3a6e9847498cbdd076406fdbf758e174221f86fade,77868
c00ea1a5ae6d7d3222d93bc977cb868bfdde5933ae78d0b74e65f67eae4886d0,77838
a3ce9ec62a91194a960785ba1376d70e9b7198d6a984ad5151e049ccefd455bf,77796
51640376ad30dceabde1a89607c2487082aabe870ea63ceacf1460bf60a09e9d,77786
71154d296a76f16d25b11d130f4458e39992276efb0b5bb03ca07493e1a06c42,77760
96009e8c5c0c4d45466b23f7ad9ba38c92ed823677af0f225a7e1a8cf242dbf9,77760
b55f53bd57672c6f738da79abcd4dcdba450da440d70f9c762651e5bc777c61c,77436
e549d72a19949c3ac88ba08143c606509111ccf0d17a853b35af2155b5091125,74984
3efc3e617f8d711d4a63d9526301d578ef78e8b755b9b1943855f12b941077d5,74982
721e3e82ecb47801348ab69d44d901c9ac0d3e0859c6435713dbe8429dff55fa,74948
76867386e0a4ba8a25c7e0828977d2a192720cafab5937fde3002d7f6dfd573a,74932
6e1a04d71afeeb1002c1baa683dffb1f047295650ea7039f304438885d04d7fa,74864
7ca3a5ceabba4fd9758a7d50df2ba6fce2020147c326b58bc67c9f52d32108ff,74776
86c35335635950b110ca1b761c2cba856a5ba473e30fa6d33713cea6838a3959,74746
d790896d0d2917858bce3d0f992148934cd3bdbdbb9e47d004e2c2a1c8b9a7c9,74746
cceaa80bab9542379fa02b8bb9ca93a4dcf598606c994e688147efbe81171c5a,74544
296ff74490468f1203e1dd6e4f053c6358a473ee4f0289762119bf774dd8f5c9,73542
6759bd60f1bc685a374657b4dd2995b83d30d0c2009d8fac42a168032faad609,73474
1c6596024924f6023b5ee53218567cccd44f9b8a78f5932b33a9a03cc6e91947,73440
682b2da8cfb1f062f195a083f0f37a01ec0dccf1be546e22d6e5e5f6a93da977,73406
40bef09fcce3e5fa238c0f1d43243d56af38ec44c8d0f8d9af0576aef0ba4529,72004
4dbf76097b14bad64cd3f140de44df9d0abd71e401d1d59ba71f75ac1ea5fb42,71900
c4decced54cb5130ac4e59053d1dcfe0d2d0772f0f1a73acf86fb25ce9d80994,70846
27d4ba78d387f84e31c14d068d89994dd7cea0805d24ba7b80b2f0d226fe1906,70656
47fb9b4852529aeae0dd37384739bc129348edfdf9021c058a9245bac23d9876,70610
003071d94dbe7b8c77f41b3bf7dc0b5fdef027c56d6430ed74a94153c670c652,69234
07894ac314bd3af614bdf486314d7b3d8c66b16e7d6b259149365bb982df1a98,69216
7994069f2fc5b3d78a258b5475fbb5d9dda53a260442c08f6392c86cb394c6d6,69216
946d60272d04e1a56c4e427d6c36777f279c52cf2b6d321ac12d1831ad9b063c,69216
3683abdf465be383b69430d7bba5da7f1d6d74355244ddda6dcbf9ae50e55383,69192
ad99fdec4e74b83b51ca1a3fe2cd440a83f564b8542a3aa6005652b18b6ad4db,69118
a1e86e4d8e89da93f40ea4d0ff844517f4e6643363f4e0e2575d265febb42c1f,69088
0b2c3f117d62b7f9a1b01dc14476974c13ba94b2f76c06a21184a0b2c6bfe9ea,69024
5823a1cc470461c7a2ca4fb3c420a3fb2cf79a3e184cb234532b47cecc7ceaab,68814
63bb7dc59c1b5f7e55dfb92d83539aecabe9b77519e40b01483d2c93af5bc273,66332
50c7dc1205db16bbc9f06be05656ce952193d62a5e729b4a2caafd69a7b2d526,66256
a02c2aced33f58e359ac7fa37034f70915f0edd73737310479dd40183fa8c1f1,64890
bd0001e9f7a972209bf09ee212eae718c15664a73cb557178781aee949856e68,64890
f622027832aa340a3117bacfa253d94953e0c15e9eed3a4adc2b0a162f335f8c,64868
2314deca4356f9910d7591549c0cfa86581838f9ff67d61216bba76880e9bfae,64818
6d9c26b935a837f3658138bf8b5c50d4798d7e491d1d0de01c23d481e399ebbc,64716
e5b95cb4a294ca8b852a217ac602f69c266e6b0799d399a2fe9dbc386cc845b4,64196
3e1950674ebbb55ac780b3c0824a61909456cef828227b0d108e6f03701e3f3c,64100
566a5dd491a457aa5f1b40a0913d367b9b675982b50afb64a6e4da0c2aac8745,64054
f5e7a6c363e26410f99dc6f945fcdac95fcd536426ca9fdf33e22da78ea57214,63896
1ddf8c338f8b2f37757b76c06de292c1fd122b3ebff6a5a9891412d01cd93fc2,63636
59034e2f1bc67fcf3fb01bd75a7f7de506e0f86176643d76fa65f6a616be32ea,63448
cf4e807e4fb929c118c0d28fef18b055f8c43f2128069be4d7be186f2ba4def1,63406
cb01e1bc52ec6394461f4c65c1ad261d071519fc05891d3d8fe71ba6957368eb,63376
4d4228497384ab26a1a0f49d639553a72bec8df2b7b97cb8113183c8b818fbed,63272
03f298228f0b9ef1cc4cab478663774027a9dc6d767635a9b28408c44e0f7ffc,62416
ac335c5efef430651a8b99ea2f2392890962853f3ec950d790543a660d525de1,60962
100e960c5a87d42a0e24df7aa8261919af538468fd9dc8e9810fcbd457a00153,60938
5f62bc5fced900efba2935bfd2756f3a039b890eeec9caae7ce1fce9c7d25447,60886
f00d4e36a2721133ed0ca58a0c657f1dc86af5a5e050584eb8e7435d0bbea5f2,60492
5358b8967abfb4f11c4e3bbceeae46ff3559dffbf2486691f14b8a6759e8b24c,60480
767551fef6f2293556df825e62133a26369d2dd1c80d186e9355d9e91e747fe5,60452
10824ba980d9f6f6acb662d9bda8928bbc854cc7e5228d3c977ecf2fe8213a84,60338
d8b3f95770657b712646c8d42d14a78282456952678c24054fc05c93ba27aaf3,60130
af42b5e3e0eb334d38619733586d78d1414f6549f24d31b39a5294454638bc59,60070
ed0fc2aed45c0bd49fd9127f06890a3be55acc7221dad339db9f60fa43376d2a,57680
20fe696a98363e8f74c5b431b5875fdc59930591d80822d8f6b36da698233c9c,57648
85fb296baeb19fc32c446b044b788186f25c6158f8f4cb1a29547143d69f2089,57640
ba07a2f2e303e402622f77af240a8637c1c0816d8f34ede498060990a7f428f7,57640
16bdd0076b4e37ca60582ab540923214e4959a05dfaf7e993c62472071faf970,56900
5b899f47919bee478321ecdd4ada8eedf49db00c23634aa800e077ac264f474c,56226
e46b39a0fb057cdc5a4b07607c9ae5e5e634c53c6f8c0796aeb9f7f49fa5be12,56212
57c8680d6cc84c5987d2a344927ae297ff553ddd76a0a7f03d4c656866a53a40,56186
60d1dc20da6a372bed1058cc3f17d7a221c20b3a307200eba2bd59df1b89d78e,56186
b7c72dccdd6db4fb7c2cecfc47215b93c30f927d59baa33785a358853fba2b46,56186
39941cd5d9ee45144faf14af503db83864642575fb8b449cdeb06869ab330bbf,56134
3d6dc71988be1a72f70e09f36b4e8b42690c12a255b7c99016f0b76fd728bd4b,56056
a717c9bab522eeb8ddeb994498f5236797dd7b2b013df98f54fc9c23b888cb81,55980
03b75e4d34185dbf3b36f82c4fd25793fa20ae98cba52061be3cfaae571b4359,55864
77fb0497a6c05a71d1a0bd89a4d2d0480bcf3dee3fa3be4dfd915430877fa1f5,54796
dff22e85c733201b3af2ddd6431bb962389bb9f89c2f00250ee7d67d69589d4a,54796
bec737fe68cdb7392bf0dae35010df7621af0c200d834ebc2398404b8d6b37b5,54724
bb881904c960844ae7a52eb43b74dee4991917864e2cace78dbac86de8d09ef2,54678
4fb0806b2fe15c5d2f8f8ab55b6cc1b161f350ce453a7e62278f7a7663694fa5,54584
b70842c1b31dc88da528ba646e3a6876cdce7a5425337dbeefeab70d033556ee,54520
b3f16e009b484610ecaf8dd44ca83c9274050a0dab41bc1faee459be3312b5cc,53798
be75265cdbb074bd5f4de608151575300029965c3e6da8e29b8118d7e71c28c7,53356
e215b7774d20404b6b7ef46c5c42db8939078471c5691d8d930d65efbf44e2dc,53082
4d41342707eebcf5e85fff84641f7053a36f4293cca86337935a4f91a488a919,52762
a9202d50ff71949c6c9e9d62832d6c1f76b53af1ff258a26ea2de806c14c2d78,52056
4741f21dac254d958301ad9ad6e0dba6e570e6ba412715b51e5e025b3170ca4c,51912
793e47313ed24399fdcd1534ee91aed5fd2fa393c65d7c2475b6c17107b85b3e,51912
8182d457578bb18d3f24346c45921fbd642cb9bbcc5d1407e476e02a35b5578b,51912
3e3fc568a6bf786d88cd2113ecd939fadf8f43e6375ee6ae817efb53ece410b7,51882
93ac06814a33d480a834a67469e34570291a9e1150d1f9c5daccfa7cc136ffb8,51876
86dc2c5dab399c13b6bff545e44bf91f52f5626830259c4e6a8716f576f8caf0,51874
53fc49ffa33a22c2e326e6dae43b4622771f5df28c4e1b5e3ce4f62d91698f5c,51864
7f73f5fa425614b1d15ebefed45851160219cf0dab6e02f4ce35e3002a5adf4d,51864
a8e72f7a9b6188b25a130b386821ac5740c763386e9b8b72addcaf38218ded85,51864
65bdd8483e4922ae8715e820355c611e41c879bd0d4b96d714778e4407b28661,51840
a76ee8271f08305f2e84becc09b43107eea199b30d446a6782fcbf76d5fd7127,51840
01d038a67b9e608f3c564c042c9b3a2f5c89db1cc42a96554c1780b1cac8f89a,51816
9e4ca54e9f85d46e0fe6b55b3bb761ce291d14257376fbb0c44837a47a85b655,51816
a80b0ee82fe5a9b57ef27b69b3311764ad7f4144a57ab0f7e2b944f413b4e7a4,51816
92ebde426caa646bee57acbaa08dd4044e3fb72c6fd94a06af7214517ad3bd13,51804
c3082809c392e78e1e06b37ab3e09dfb575702d27e5f3f956ae05db787215f43,51778
12b97ba29250d85062050d268cf56c4a5b3f21535b0dc0ca80d5ea6d120877c2,51706
cd3c8293322c15995958c21e62d2c15fd4ede9b12015d495b90250f2a293f22c,51014
9c5d5b53dd8259e6d1c464d65de4c782a3d3ebeb0b4ed33ead0d49c0956f9aa7,50888
e1a21d6a2920c43f3d856ee540a05a89e2fea84a079ee8dce1efb057e30b5d26,50820
b30f5e900d87aa0c5d314628b32489b5853a40c977ea47d5f15c9ad29024cd45,50520
d015bb95fa4019ff3159740fea3930061399282aa93a932f0afc529ef6eb96f2,50350
8443b8a35ed10096a20a856fa10820a56f28c770b379d2ee05f5af8a1968dcd3,49448
adc1fdeea203800c5e558bb461636d1c8ab761a70cf01fcda921798096edd78c,49028
d6d9fc487215c50426045c51ecd64ddb8f940aff4a4c28063efba60b31819912,49028
93b2179545dcf31409c2596ace8bc80f5782827e653cf2bad59a6efe23331c59,48996
d436f043f7bc2091b48dd0bd0c83b9cb8a23ebf0820b8a22900f54458a0c9b34,48984
33c7269faa223a2c89bfd3590dc0c48e3b8e060a72392dba614795dc2c00dc1c,48960
c6d689a567fdf1bbad9706f9ff87554726f21d33d6b9d268ca0d47d42374cb08,48960
f239509b3a29e35ab8c63c905659f4500cc018a59da110d4b5c8dba94b9df0e2,48960
b1964ba87819a33a23128e90936016ac6ac49ecbc4a68e8f2bfbc83e955ea338,48954
63cb4e810d59a0bf3e1f1588f2367ce81127c913739c70452303a26a65447357,48532
48f2240360bdc211674d41d474c9950d4d9d4872ef653bcf78a20dd2867635e3,48076
c29139abc3a4f3ea8d913e6f62d990b3a18ed4308c6009e4ba9ad7bd798e3fe5,48026
93cc7420939277999e7b8be2401036ef4c92dcea6a46c1e0c62e94adf0f1f1f2,47600
603bb032dd5ee9992260313cf974620277b1977419a8ecd08b25d46db099e3de,47586
90411ee36258ebde1beff2a2f8e247ffd5eabf0dd5bfd4c82fea9a925772e563,47586
ef9a9053188da626131e0d85ce42f8d5cbec69978d879a379e512cb0d53dd6ae,47586
fe9bd62ae4be3f3fbf854aaf24b3107241c3ee92f74288d43a6ca5f8804a9434,47586
ab4b94f3f138cfe34d37c3169da4b288311631f71724408601be86732711f410,47532
ad6da213e4148c214b148bc27d2d36fd364aaa5231a89b145fa54cf038a91877,47520
4aa5d5c75b74b48ab7e259deb23262eba4ff40b11bfdca4c969d19aab3c785d8,47498
d55caac3e294a56883379d1d380394f3b60665c0a6b3c5ca7050165d6e9d19f0,47194
56eb5d6a127da8b4efb372cb0e6ac8a40f57ee3ad9cffea5040a7a8e644ee7d3,47148
4b26d028382f4f2b90acc277cfce004def10adf9049032171676f89aa5fe60d7,46546
d527d205094c9ddfa8d2ed03a0d7e7af67de4f136bb6cefc843c818d76d9ca63,46478
89ab3956fe3640a7497e8ff49fb1a11a55cd7bd36d5f7c23a135588a6b678a6d,46300
b855e83b822cc819839bafff3b761330d477beb9449bf962d82e045583f1f4f5,46144
d8663a0efc6ab9ebc7305853a67ce3ed9fd3f21018899a2010e18dcc4ed26df5,46144
408e2f53d17be55c5aa5d27fc2ea4c88dfa9490d15cac36a7c7251a44d1cf3d5,46112
a679ff806ef46f41a166c4ce746dacac87bd1d8a37aab5539e84ecbdd328669f,46100
39b4c8fbcd94df8fb90c0f37d4866d5c5b13b294c4b96406a2350de68b7cf93c,46080
aff53de2f0a79a4fdfd7c1d525714baee686e7fab47b2ce81de27cdf5f552a72,46080
c894757e88c50b17ffeb319172f14beee2d20b63872555d3e78f587b4dc9ccc4,46066
c931d26b1e6aef5114b83fe32690eb734a2937dad4164a5e629de0a733bd1f1b,46064
b0ebe0ad66f2a2845d8f5c1ffbb54ed125424357d6809bc0a5279b02e84579cd,45872
f9fd0837b033034a794bcf1a5d5667d58f12e244b9ab8c5b6f783d3f9fe45568,44564
3c87bc55a5e38599e02a7114abbe1ca1abb9c24d018676511701bb7059bd5008,43260
5c4ee239f30601e0990d2126620938409028359a74d1496db2b444eec091af6b,43260
5f3ea9002be5fbc510811e9af4f4094ea928ac8ce74db524b06cc5f394f8c780,43260
5fd890f2ba2da502a6f292190171e18533ab0476d3c1b5a154a314e371eec523,43260
788af055ddb4322a7082f5b3a03511e7d7c0dab5d7b175d13e83008369246e3e,43260
cc0b7e3616b733c02dd218fe52c40b911d98945cf32e1e114cf46692b033cafb,43260
dd15faa3805d61adb8bb6cc28f716bab0bd0b878f43e5ef4a24d9193a39e5f07,43260
e6a29b979f6a6280de8e74b8e168bf09c5e28ca0c21d0a926ce268ada0cce0f0,43260
efcee98ea21c08e758a5da71cc7184939bf9a199624c841816895e9ba90b4f44,43260
f74d85cf1b5d10fd64eb74005bfc1209bbe853c2b4a6ac3fb857ceaaf55267d6,43260
62bcbd6612ab9213726f98b795da663edfb6b4a686287691ee4904dccc4e2df5,43258
819643f3ac6bbb1098900efcd0acdea8880b83c2af0344bb7cc08c9b1bb35ca4,43248
a4053bea67ea21ca58020648db93cecd4d446cfc3125499b5c6667d8b4fb7318,43248
0eb998fdaab8f9faf5f92ab71614412a242b2381f2adaa223ff06f27291ebcea,43238
904df07378800893ad8ea3ed6411b954132d87d030cceab0775406746c8d7bee,43220
445ae4c9870c72e93e1dcab0d7c8603a2a8a5f85a3bf183e68723c1faa14c942,43204
10192d15b595fe165c7ba44b4685f286d9041e16d607c111db7dc6bcaa2dea38,43200
6309efa9affca2eadf1e7bf13b6c3363c55066f82aa784e4b60befd270c289a5,43198
01eb87b87ef0c44a11a9c533f1760ddfcca66176faed6eefd1c376da415830ab,43164
129d17bfd8efe77bd8b1fc2b361d3fed0ee222ba05914350ad5212d3ad9ad26a,43080
eacbad9e7fbfdffd0e021ff42438d1ef0d0e446a27a0308e892cf71469383a91,42922
6fa239a955982a91be1c05897894a0fae014713ef9c8467fd993d7b0761e4dba,41818
dd7f7d6c3b232e524a965a46cff59d9bbc58698f123af63e32aac6c53213d00e,41470
a6d8a5ef09041b735f0a4484ac68be6679990fbb216d464030ef4399583cd93c,41384
24b40e1f85ac43aa9500246a9597f7628702a1172c79fca706fe829dc18c57ce,40680
511a2bbf6300d2a7e5a5ec7b087d06795c48dd7c61e839f00fad239505e3812f,40600
b155a40a97fe670d3409d5e986dfd74e30507ad2cfc90167264ab84e54a1d047,40376
dca002c6e70a8600ef097c9dd02378c6c07e1eae5c6f4c704f5c89039f128154,40376
e6e16298d80b990568ccd3bc2eea79ad979feedc7809dfa1b1a3d0da1a597b35,40376
8fdab85a89e67bf555615a6897b3fdfb2d5de5416ce63dc92e446215746a851a,40358
47e0ecaf3f7bc79aa518952e989c45ca9f9bfe103dfeb98c39f7085d33cb4964,40336
9e365a75fea1a8b67440fda7e3ce24164b498ac070a13ba201e16511962dc54e,40320
8f57f7027e76d6dc4dcaf460f8d99f9b0b518f8b2b98f9d42b8a77f77e813bbb,40242
efbb92c1a1aae650fe290fb0b6a9d60faacc9a9aed6b36924d88bf685b94dd79,40194
0b4c779724274d9c91ba676bcc63d956325b023494e0c0feadf31330897fafa4,39788
cc257e9a161f49488dddd203751d9f9d841c003f27af481204bcbabcb2079f96,39330
7d727a086fb2cc8db086f0ef67639efe9f910aed57e66eb3222c353ed607926f,39246
07f5007820a41b73d26e1a2baabb4fae15c5f9ea40f0a439378192e72e367261,38934
9ef8a197ee7f0e29d6f0ad24fc95c315e1a7bd63e10273d4c5271c0bb1255587,38934
e982765b911e7a7e625252f69980362c3b1792f3487a1a39bd314351e1eb6fc3,38934
5bf4fd043c2cfe79db74b994568fd395275c5759a83b5218c9dbad62ff9b2275,38924
41c8dd2d41acaf4363a4b936225ba2931ac5398b823d84a124f620b486b1f3fc,38870
373f823120ce7ef9b255f7cf6aeb2660bfee31f69a1c3484b8332036b5efe4b3,38862
c4588e0964a9ba7d4c521f4d17c9bca3b08196fef6d150e44d79e12d8d4f18bc,38790
13cbf1682656eb2436f694832329df7131eaba5fe53a2f3dcecf51f9edeffa4b,38776
3933852eeabee5144914b5e85d3dd888b0278d85915e72ed28b4002ca0ee7054,38754
7794a38782d9da89768c0f858b7c66a148b0f5b70ec8fd0ddab286195635b9d7,38570
5d9c9dea8e31ae6e57955067cb5ad408c99909f92a38300b2909c3b656210e5f,37694
4d88e7b1eedd04091e91aa96d8e51de87fefab4ac7033d9ece3e5ec1e7d1332a,37492
13d1817af79042916faad32bf065a3625136436dbcc96f4655ced1b8d90b791b,37464
d0c2a815bb0667c75be62eb9f877e3c1365d7f14ae9cabfe634d0094b106f1b1,37452
8c8429fe18bf3e3e6789a35dba2bc1e8a33222276a261a715ca0fc1f93eafc67,37436
8ed578e018720da30b3d5055916d2f7d25c2e55016d5ba11396664148e5c1507,37198
3e5b4009889fa2f67b7dcd4115e1af28fc2b43189421fe4dfcb5ba76ce751ea0,36118
72d3f92a9aae1162ebf5131178a063d73a611646b151d96ee02b44808e9bc385,36050
756e3ec1c56c8ed1603a812100d4c8be9c976bd4fe10c3be8f3e54223ce4501c,36050
ffe2951a804109b8d947cf3d26a391d389d537af135a93f911fc957bb606d293,35986
f21eded82a65716c7853bdc81cbc2a72df3acb3b0f445341cff0a78587d72104,35896
9ef624336961028fd37c216ec201135172fb45f4466fefd46bafa016f6ed5894,35800
d1d87defea7855b7672e798bafbee68aa62c5c3179658bab722cc786c4898c81,35260
e32510140ab9654dfd48b553f2228dcfab973464b7443b24d59e19493dd673f5,35240
3a93817a680949d1559d42eb0e7d8184f885f6110a47289d296cd78be7dc2387,34628
88c1cc4c56839b2a87b3e4b1395669f8a73d6b36007e523be25a59c23424cae6,34610
5347a4b3f763353dc6f7fc54ca91d345c1fcc7709067a6fabd43715bfdeaf4cc,34608
580b597860fcfeeb69aa05670dd7340746701a13fec17ca9fdd01c1229ebb49a,34608
5be446770ff6c84caa0c10ce86d223e2a643990d33ce6d1964f3200e758df01f,34608
82bb1207d6dc8c49da13c3e0f9c1b0992eed5a0c428c2b15b4296f9106daf988,34608
90a3879b8f5f76fe4b744762acd10d5c610530f968cf2ed17477dc187e22c038,34608
b6bfaeef112e5f041590edf8206f3015f5fdcc4584869f7ba57b82e9ecd661eb,34608
dc71683b7e64ce4a8758094e94928d03f3c2ba5e752f068911a91497d74d74d5,34608
f6a47a0838ea6678731a2f7bcd7345101ea0b34a99c1175d501f9996cfea9451,34608
63f9cfc4a413ca8739b02bf2212f70ea8b3369d5e71b82ff769dc5cd6ae9afda,34602
11e6c6899fa5d76ab3c864e6e10e4a16ac9fd791917a718164b8bddc946ededc,34594
f8d65d108a23c4e15323f4a57694f9edf069d0a9e5e23c7f8f85469c1cb6043d,34586
590e3986665da24238aeb0f0b671d5653798ec47e98c4578a4c2991429ebd76e,34576
c500b0cc2e9d1e25fabde8bdb8ff3116cc7c65b7adf757cdb8e753e204cb0ddd,34576
54cbf33f387c96eba6a0b3d83ba1796a85f70c47f53891f02682b0ef8edccb62,34574
c924db8364624c2f119bfaa353da2922764d3193d57e6d5a3e1d912693f93543,34572
626a5eeb233532c3800254d49b458608aa55e6ce517b87777f7f5e48f61bc065,34512
4210c091ce7cb306a76a04957b0f4a5bc813666a630970e16c31f8ec4f1cfc3a,34508
78c86c2bc1892c77f510d85a35d2f17a8b0fa259dac4b4dc064b0f454c86a4b3,34486
cbc2ac28a0319e8983a909978df73e4ce18e243cef4ab28cf09fb96b9253e7bc,34430
0b9bde864685d142c1f52dcb9cacce873d08abd28d65aa97833af161a16b2d40,34318
30f42c54625feb9d234e6746f44b261c81762b50b60b52697cb4ab10e0d96839,34218
30be2623ae24c48b5ecd22fd1c1a7fcf1243bc29482f549c7213b9c0b5247c77,34100
687bb19922719c7a9c8a4bdf9203c6f5b4a8b230c156bcbe20976c5ab9e3b05f,33738
03ae6f4a2758b80e2bf90e9c48241d63d28ce3816bad9382e97f570d625c4675,33452
2033fb6bbdeae1de87f4f854535301cbe628dfe236ea32aa247effb0a5aaa07d,33166
60d7cebdde6eca0597a5fa5bb0761de28180938553ab9c0a28205386cf527c5d,33144
96deff0e8d81eb1b97835544d3471ff71b43ede2c80d2aa5d78f3506f6ab72da,32278
dad93363c30d440df0bae043024a1367f25475c8501ede74dac4eb498a465625,32226
75c613369177f829ce6812a2d2da4d829fe7870696d9aed3d48b9b4a2f6d6690,32128
99fc10e29380689ff3bd9c31861a59fd8b56393575fe9b754f144c3551151227,31724
d2a241d5e06b1585d644585cdd19abc885ad411d7916293221de1b823bbf9473,31664
9de1eb7f992db16e6eb86b446148193fb23030031dd0706cf0f8fb68b3dfffeb,31662
45bc87bf45e5058c5355a6df50af3503b65ebc1dc650ac2afb92609c23d16499,31636
4e66992c2e7b5653f2b584953191b296fceac115aaa59a2d68b4a764eba9a2e8,31636
40f23d72d4d74a9663705cac9d435e6b40f64b5c94e7b0b05f2978afd15365e5,31618
e492bfdf4f8a6757aa58864718ce6de6fc8026a60e4f164b18ef681b03e53415,31100
808fba1f65d933c2cd6097446ae0cec5a3415c5e94b4f84d816404204b4c79e6,30784
48a7bd8bfc08e9ae0d882f2fec68ff2fdf0c5620e5816e39677408ddf96ba0ea,30282
db6cbd3793f035c0c577409e434be9b90c051f09aa62bf8f09dbedf95c13a383,30282
d9c8f3cacf27966c9255fc5fa4d06e4543c1160a956a029b56dc1288a9db8884,30268
dcfe053faf462ddcbbaf3ea7a7882e5ddd7b0e53f35211b385108ed7dcf75c4d,30268
8ad30f5da75a1283a18802c6079dba60096cee5b9a038393342739399b61abb4,30254
54375d33eb1b02f84a32849e5000fa2d9d3f178c7e69be8da27e9d5a9fb6a652,30234
c210829c4219838fe7970a5af7dafc9ec65eb7a484923f02446d4e0ae8faf15a,30226
aec101bd896fe3986f0b0c24d494cf70093d3de404fbe19612f0d7bfd304be61,30202
7e24e1471ff589c465d0cfe2e0b4c55ca7e81144568fd9e8fd14cc584932581e,30186
0a779ec383d5ebac3aa5bd8d5a0a9ecf5a9e2ad1220d1e958348c36e2bbeb6de,30162
59cdf670885a37b61fa1f9ebf57f6b2aaf37ae39f3d98b54ac3afec58ca64738,30156
655e0269bb90b5ffe6a9d7a22bfc21df4cfc0aae9dc186e11d8f5388789653f7,30072
6542249f9912519f54210d524760414760367f7dbbab164732f247d962e6dcd2,29908
0401c52911cd4cda20d4038c0f127028fc94afaae5ee74bd279feaac94a265b4,28840
4e71ab2e331582ecb9b29162f2239200d7d85b41de2bedbef7ec4d110910a785,28840
889bd3543044c8bf18fc7f401304b17ae327975a65fce29ec0fe59b3c6318fc4,28840
af4666e61bd4ab2450e8dba47bd2a11398c8b1e1f1e116a54f311d9afc84ea43,28840
ecd8f404a7d08c1a05508b663eeb88b6669c9c0b68b0e9fc2a552c99f0c5202a,28840
8ed54c1ba631288384712bb55c08a62ab80cc6a09b2661fcc514b28185414c2d,28820
a4aa9550af7377c46e450cf82cebf3c0f7e08cdfa78aa7eba2c3178e1b657712,28820
0e7277b75e7748a4df0eea5871ab610a4c7bdbace7262290b16969f972df1691,28818
4dab628ab8108a9e1223d9f37552dc992ddc3c6286c38ccec5d39cb330311923,28800
c69e4af6afaaefbcccf50bb1b71f237df3cfd3fbffa88b25f51ecd2bc01f35d2,28800
f57cf40a77f18dee6c60a9dea1fcbaf1415dcde49baa2e6c0029a1861368bbad,28760
00292757babaf611f8dd649bedfbc5cfed3b59f7a2f0e7dc225b2577a3c1ba37,28754
b64a200167f0ed5bd37ed6c26b72f3402f392294914ab7c0b1bf2c3d646317a6,28654
bee4122586786397ea93b316e44a6f81ceb3b98c2217226a7fef6bd03e28b4d2,27498
f112da90916de100d1dfad575d5b46e355996eb2a7d63d673d3f053d096572b4,27374
e12fc97a3c8fdb3f7b5e933669ee2795cb27ea05b567171165b8483d79572274,27206
14ded2524b667500bb663051265f83ec4c2b17c1584544ff6c70c9c406167cb1,26752
6d8738b180d8b6d8c38ff8ad2c657cb07ea512cd7781c9277e748a494e8a7c84,26180
4a68b27bbf2ffec996c52b47c89267138ff342b1f10761085bb3fa2e2c521591,25962
0256834e9798553669d1949d1355cf05359e90ae4c100a653b82c5319b6a185a,25956
1092c8aa3fdbd7bff66d78c552f6109e04339050f7ebff024df9e73f3dfea0ac,25956
287f98771ea6728b20657bf63a3c6f9a2fa71e7d85d3bf4466a98bb4683548ed,25956
2bb5548efd3b4581bcfa63d6793b2e8c34c69775ea4febcd0689f96a840828ac,25956
437082be8954e03173044be2e44a09706399d0acbd03c4ca1bc51ba8f9457259,25956
6cab21e92bd4e03cd84250c66db8c41b80dfaf725bf6bb59e4f0e0927bde2c98,25956
767c654e73d0fc9890c3450cfd2cdd116352a95549fa7acaa712fa37e3939fdd,25956
77422c53687c3068a4ca354c1e1a68ef5ad13dcefecb5d60d293e30f53dc04eb,25956
7b973c9a30cb5fa6024d07de011805cd5333d0dd2b92f8c18d279502406355d1,25956
a8b4c7233f8f076d56728994566faca98a79ae226e2602b685327f4102e774fd,25956
f315826680079cb59b4dd8049550ec9d3f4fb6fc2514496a9fe704e97ff960a9,25944
5f546513d3bf6f7daf282a7fa5e844baed381b4b86525546e1ced2b4a747411f,25938
c77b09fa8d90321d5a128edb5d00d43b3cb662057410eddec4b4f36f51655cd8,25936
14b7e680bd155b30d61e395c40ffb9b60b013d9a05414635186eeb622590e789,25932
5ebd58ddedfc7399b3d025ccdeed36b59868e5c6827109f4bd2b07cab486bbcc,25932
72c2ccc6358cef4d462162c62782d76f128cc549fbb3270508705642f5b8f558,25932
76f7e713ff0430e6e5d1a8a28cae4f826dd0843846b80e7f1d3f46a25e6c9559,25932
796af926be3ccb1ce80d140380d6cf5f7ba7505964ff78c1624ec5e595b4a42e,25932
a705a0a47ebd57460258a7fe818f67cf4e0898fdd9bdde946697594c415d4079,25928
cd71a5e7d8c9909bc2aafde64a44b37d99dbfa73e6f39519f307c0e33263ab72,25928
d755fbe29a37be86b4334f6ad7c8c2c6486377f970da4de070674601fe3d0d1b,25920
5e2828dbda8044d3da062316aad24b214df466c183b4b2a5cd0e966b075e63a5,25912
7732dafed73dce2557bcf7f06860e4cdab3c797226474d4665e53f119026cd57,25908
f2cc620a0110db16a3a380db135f51938c0e8508a8a2fd1ea67f7603e294e520,25896
c7c9adf75a8488cc6c484f51e4e254049520e38b6dd90cd74e9fe07b1506a0f6,25880
6007e503aa77f6483d7cf9637422234e7933182aa2f8f41991ba801f394874f4,25866
4a339ace61551617c504d270aed43c4e8143e1b4ff027a1bba91ee2cd02001df,25820
6f138ce9469383603ca2b2a24758343ce0b3502508368a38cbb45bad429c948c,25778
df852dd1a8bed8b9cbd268b62e0383afaeb5829e9d3ee72532ec0e878c4b542b,25740
8dbac9a2d574fb57a4715af002f3e679b963af122b32f6ba21abfcb016855652,25488
1a46ec965872a5fd7c6e142f74941d99f3dd09fe71d0ce932764b5a63f461a04,25484
7d909dc5abde857187dc473523e0dedcefb234faaa80e0fa7749b40acf156b50,25096
aa82a58b97e8554df1616d9ab9f05812a8e66b529f3a3d7df2be57389c566f34,24788
a1d66b165866ffbf52779971fb41589af54722af79e662ba962fc7e4664a5ae0,24786
2516f8788ca5f42ff22f6733a95180779315978e61fc65f2a8819626ad60837a,24492
ffbe372c880bf552494c1c960edd8b496e440dbebfb1caa722f98e4745c4d9ed,24406
404a037c8642b751a9e12663e0c68c735d6866e4c526b43fbb27cd1b20cdb99a,23702
8bd5284b06327f04a79dc95f97e53fe6edc558a2fb763ea25ed6d25407ca1e59,23568
6f2ba20578ca3866fbc625d3b74e5c6ec9a4f96f8e26f6d1d9e68e0fef935878,23496
b991e91fb76628d667220482060968b43bdb29c1e405da6f92b7bc465ac0a167,23360
1619e80aa941848288d386f5029f41eeb4b89660264b056d890c6beea01965a1,23094
42d297c32a95f3b15c18b81166ffd6ef14bd8d912c0c365d440952149b667bf6,23078
668d5fc4841639273782cecaba03acc4fd981bbe7784b086458568dcb198c3e0,23072
a230dfaad706a24cf84d7db70dc211867f15ee75df661137e420ef51e1d17263,23072
555666885f131d572e32b723642deb68c0512c1aa3351e420d25cf411cf1a54a,23056
887bdf210e9e9467551f0e5802aaded5e1642c521486a0def88ea2708d432657,23056
1763f9bab0449b3fe77d546645ecb1b18b92ba039c6405c7c375158d01b9b44a,23048
b34d3020a1263a140d0fc3918b5a2fd0d3d2f335526dff2fbc4f13288d3c2f39,23048
7e1e772aef2c1ff0e550c204e786acc9474bece35bdf87bb7937ce849dd66121,23040
c64fd94f60937a5ae40c6efe9ae4653df229a3a5fb3dc8e41d908ce83acc0d64,23018
49cf2a2bb82de23cc3994c00365fa8e11e249e9de1c33740e4bdcc35c83804a6,22310
0bd3a7d31137ae8826cf9854abf04303d03ce67764caaceaf7c18da1237e958f,21630
2f631d8fc6683c60a2d67283e22d52a9a1d9b1d24a4b1b7c6cc0f65377757d70,21630
449cf6fb36ffe9b099490765afdd19e657b2de013a3bdecb6bdb023734757e46,21630
70d6477dee4d731cfc185c1f99f7ac0133a68bdb5ddc24c4ededd4a8a2bf7dc2,21630
92fad6eaac2366307e1bca1e59c8d81b270f31117dbfbe1da6f57bcebe9edd52,21630
0e8cf9a65ff01d8cc9dbb1aaf548afe4fd954211c9c314cbde1781c199c8f368,21628
a0d7719a4c4ec5a0a1192f95ad126b82a74d2d798cf9402d7af55c7e1fa5efad,21628
79aeeb8111e99ed6c94aaf9446151e5f4e762b0e857122cba94b643c7f5bdac0,21620
4742494537bc7889c0384f215a2ba6ef35d3d7163b539340c25f8f355430020c,21610
574434ad53d0bdcacaa91e8273a4d40bb682af8bd7feb76d7eeac58593a93582,21610
76efdb7d97ab0a2b6fcd59c0e4de4e2b558a6a4b5f8f720e21492470970a3a91,21610
ee9a23b733d7ae1f2dc839f97f99a309201a16cf1e75fda2e2254a0b2bfe1d69,21610
81f9bd417d0c68983c831022af5e232d8e098ebb76326c3a050bde6ce868266b,21600
c394eadb7495905f08431d6dca6d540a5bae5dd33ed93e2677059a382b9f6fec,21594
f1e9137370b218b2428565c0ad8e1aa12a4c48deb54a4dc2429191f32f30f998,21590
d2a95dac7c74f54f46272a63c25b3ac66d7d1a974c6b4566cbedd50bdc6b3430,21580
ecec569d86ba39bfab5b13151f74ea78211e0ef4944b090614d3f0b706960324,21576
ea62c88d791851635ab23ff2a7b1be55681466ccd670cacfa4c61f8eae332536,21546
fb5e5a08e17e2d12100289aae1696c205827383433f10d7970dcc9a4b874e29b,21448
7fee40960f41adc22620c747f2a5805c4c6e11d8f53349652feb777461d3a28c,21444
93e6910a042be5b4020c9ea10e2a5754e354d464aa94f8528d3fd8eaffaff6f2,21434
1ace1168cbe4a11ad3d41d5cbe7815e34ab7571779c3d2fe2033909fc754e782,21342
b708a6b01a261167011b934178bcd031d92197602da0c7ec2b32e36795f90991,21228
2d37b4120ad5a4f3e8f5e746a5fe83f2569ec2bde0dcb3cf4147c25bdaa7f13c,21130
83c59565a5b43e8a0e9a2c0faa1f007c4d5404e5239d3d5d13e17b101eff3e81,20738
efd807ab2ebf316591d49ee12d4461c3821d0ceeb3ba5bd2b013a2d4ff318fc5,20672
7d4deb757746c8b81e6722c75e239aa4ce01b941116d680d24b2f30d3f3360fa,20514
8077381982f14ad9f95b7a3260dd1ba61857fce7daf90013b301d53bbe437e37,20196
e57568e050021068615070e735bab0c931ac4c843a0b9545d43c3d2949d61130,20188
1fdef190ceabbfcfd4cb44a5fa4781a5e677a5c5c14fbd97c295bc739fd7948a,20148
4cecece093b78351725006d12c015628368703255c186d92dd9688a22c42507f,20140
c9309a1d87d569ae3d33cc016a6df86bf980553640f00d0f76d77b3885725238,20140
02b687d8b09f6903892c2d15ea8e4a84e0210896c85378be3f498d647db8e37e,20102
d23c62a22cd424e2b23bb2330a8d9e5f2ef4e8c7b5bf1bd3d11b9912701c70c4,19444
3fe330d56063785ef529b4b45e1d02598fdd05301cdc89e79d593d3f9b906984,19212
2791ed79f9821f7d501800a9e88c8a4f2e36b38f3b7568bb502f8b8653cb9313,18746
6a0b45ddbade09caed2647e28fb1af8ea5c5068f3daa91d5ac100583a30cbe3b,18746
f1a90e7ee516c887858ef5c6346aebe83ec1c06c0f925e01f92c3ee059f9a95f,18264
e60b03af43e2ad0bf8537ddc5a8af1da0ddc77813ba2624bcbb549568709e826,18016
7b8a5a6b372599a41885cf8fa9d4af225edc636751f664554d69eba15c7639c0,17634
9d67b7482722bf75616474395c5b6a0497fd392ece1eb4b18f4063849aaf24d0,17310
2f4b19438c40b916d7863d714a91c1fe5fd6509c7994f9595b472f30949ac91f,17304
3beb8f0ef32c3bf5b983bbe77bf2b373677e069d39077e945f704a5d3b2782cd,17304
40734b8a059ec3765c0e84ccc196c15c7ad94a289dcc45237c63370d6ea3f575,17304
437c22b52cd550d462a1a1945e06db8646de9b2a7734ab127f3eafce457967ec,17304
6a4e5ae1a2ccabee652c6de3fc610ca98369f50baa94185887963efa91215e3a,17304
6da93e1b8565f05eb7708ccedf9f4a02f1d9a6300bd4e06018289600a7f96cbe,17304
a5addd5ba8c0c62f0a78fa07f8cc7ca6af5fc3af9bf907a734d24a2b4cb5f438,17304
bce1ca5c2a081c9a114ac07847bccd32e94596d0433509704a4aaf57b96faa0c,17304
de8019022ef94a803bc57ec32e096ace4caec865850e26d6d217cf77fa78fb1b,17304
f7383035c4ee9dfd51a9b43f17b93d27a0d8e20e427f75c1994d7ab622dde6a8,17304
f975e7c4a39d1a1ffe74ef2619326e84a23f6b5701966a5ce1151385bfbdf352,17304
484f4bb9f113905103f0a2e6c6e0364eeb2d4955122060ffd4671cfe205e2c6a,17302
90e075b4bae687a6e4849c6e69f1234680e6a3c6d8f7e49422b7349e38012487,17302
5ad67f15cfa6027a9700148ecd0c85b5b7726f06cdaac5d5acca3d6c3ac26e84,17296
6e998d674e7cb018874d3c2e685db2e9d879298d6b8b14c4153a567334ea08d0,17296
7ed124b0e051013a5a211af14533737fd5cd4dc41912d86a290a11878d704490,17296
678850bc90f0da054edffc4e68e88983ea92d7dd94f9d6484af55330dfabdbc0,17292
dbd458fdbe18d96b0165cb4dc953891d34a838ab5c24b13453b4c477d1a6db32,17292
01e340032d3e7dd557cc4e32b2c96229b4aed804b6587d20d432943b37c8e413,17288
3e153919cbb523633e950608f9cba6e325f3862344141a35ed8e9922f016c5c4,17288
81e21431a8cfe11edf34d8ffa26e22b48c13f095419e16418004ad59c8270035,17288
92816f173844da5c97c46c469bc4fa2bebf1f1fc983a97e5baee3972a5b287fe,17288
e8abd7020eae16ea42899a7eb7dd58c67f6cf358075f1ab7617372fc6d4f97da,17288
985956349b2c808bfb21c4027cbf75650f120d3c910e80477d14a8242eafb62e,17284
21df1a04376bb5ce6b2fbc3b6991fd76907d30122898507b038b9f767ee2f95a,17280
8202a33c18c1d158af0c8324c4b65b54241d8439ebe94229e68becd61750477d,17280
d6d0c0b5725020067015352fdc33d9c6660d6cda5bf787127b71842d6987b272,17280
5ccbc7a62cb88fc2fa18529c56cf4ffab31888b1ccafe6376fa2c7e0d02db8c8,17272
0e0edbdb4ae620e5f28e21560e43732924ca5b47399799abcfffa5560fb888ed,17270
5687adcefdd5a7c83a4a793a15af68cfda42eb50bd0ce4e1c9a15d3c411817ba,17260
be599942c04bf7af551b6da7522f8ff8f47960c8b709168767f1bbb711ef797f,17256
4d11b2ec8fbaecac48279cd4b73f1e8db9d71b63e3ff8ecd1345edfcb6267008,17246
09fd7ac98745762ca7e7af5e53495ca8c0f2030c96b8f9a56815d584e9877250,17226
5cb9f32ea8c738f6f99d71fd83e7380c1516515093857d66c3bd551467ff9ebc,17192
df109bf2a3bda3c6b06e1c7e951edcfa60485111af5c304fdeb3ef3ddc2f9b63,17178
5ad353d882a94f82e3142b7d778108611a856f7bf805381287a999ed744a97c0,17174
fc17bf376cde983f3ac3c7ee86d88edf8192905dc9c08b3578edc02e99816a75,17086
7f5f0de79c4e994623c8b90b4d867414cd3951eb7553d6122667b41fe394752c,17010
087fa9b1c3faf321ff7f6c1797f1112c635624eda098a60cf86dc557988edf7f,16912
68acf3e48cd05a2ad8e4d4bced0f4df76f75451f52d4bd94aceb85a6d2a7fb66,16602
943b415fcc7b5be137dd9846d79eea53638575373d801513790097b6fa172dbe,16478
ec4b52c7e74ef232643dc244c3bac86ed5a55de1a3cec705914e3b7cea632f0f,16102
52e8c2d94302ca31d5ceefbb70a4e66a8622238714f0f37c46523fde8c2e12e4,15814
9df0f9cb8a0696944f8b98503ad8a61295f16da85b20f757a3c1e6fc0c30725f,15756
2733610666f7e648f7b2525f3678855b56c6e6fa246b22d97cb0cf898b331ca2,15272
8b2b06c839abcf8a5297b6fe67907fb1b3d56b3e9c5a763350f373ba2fcfd8b4,15082
eb9263185d38826a5df8d22b345b9b7e9ccf72e78f80d7d3ca503293224bc73b,15004
78d083fc4a35dea2b3cd60533261bc85be280c5291a504f9623ce256bdafbb35,14820
a1f6325cc5117a34b5125c3504e7b5fe1c4065e2d3042623cbf716e25c7da96a,14802
d5f62dd2f125ee258293377e20552b31137fb08fc7e446ca90704b42ce0d51af,14754
dc83685c2137ce66677057cc8b6821bd5f287ede7de2c819ee3fc64f2fa001b2,14574
00994b42ca2c6618970a23c0087bda67eb2a298404dc3a5fad85d46d011d850e,14500
4b0ade98c74ecfc157fc93efd2032c835d8f3f57b0d2f9262505a91a37cef394,14420
4c659650ce280ca78b5209e72a0ce0a3ca4920fc59a644e79ca5d3d10358e4db,14420
8b3bd9830e557440ac0c088ec525fbfcb89ebe609e3dc0591274e2d336fa143d,14420
c9fc5d2095b49e6676f42981ed5490d5273b51adc80befc874f3d6f933d5602d,14416
d3aeefea08c74f2c6fca3edcadf4a4ad2a5cef3d23150ef06eba6e7812d66797,14412
fe9d138da6009e53966c38176b808606e59b64d4ac5dd6d0e0d69155f49b1447,14408
e1ac20caba7431c563efdadf7a912d8b0edb5e3bc2eba100066dc1822b0952b3,14404
bc9b52c4403a65f5d02c85afb960294841c04b826ea13b5bfdd9d9fc29e7d832,14400
6a8487c2b513854a9e4ebbcb118ce7c3908f88b7042b6878292b7365246ed4d0,14396
88f9e9876bc9cd3be3dca65e4049afe04908eb904aac075631763389934ffcc8,14396
911a1e4180ccbb45773f8558618b3929213bd50de1ebffd40cd41265d4e00ed7,14390
cb847d58bd4534d3302a0933f180bc7e11f450cf4a51935faf7c51a14d9b85f0,14380
ce5c3f5fedaf2da756f09d64a1dfe5e5e8c736ab1c26cefc5b7fe558bd7f7025,14336
f8771a46e6f8db8e7ecb7ada416f0b567d3d7ffe77a765cf7a2a287be5d63052,14322
0056d10180b7601f584d86613cca7931fc9030a70c1bc6589bf49c8c039c4573,14012
8229cf0afddf060bda27eb32d12db2635d74725140a5e920137a05e695008735,13860
48f8c22b86f32f5f2a084c258f2f1d0b1444e439a7ae80e10715e2f6c60e925d,13032
7ba0afaf9160e95fe991d1ccecb921af2d1f757869b0e098c6ce2aad652b4fbb,12982
e7ca0a997a2003971ea741cef2e3b89c5dc2db649dc3f00f9b45afbbadd65851,12982
18bcea1c72e79e9def61296e0b9b1b30a45e9a55bed6a422c6ff0ea54c7bbff3,12978
50c1e3c785cabb376d20b457c613ccc99ddd9628a965a6972865c77b783a095b,12978
796c9a3b2a1db422cc695f64741cf02d2008d96cd430f1061748a9f6b77bcdc6,12978
80c287f380cefa20014b52a3e07826de1043fad79de93a399c4eed9a266ebf8e,12978
0c817bdb8c1aca7d31e5f41ae34963acee3341359717d245b318ea1940656cee,12972
36039b739f39e30e6e57d3afbfaad3cce8ce70f810559d6be9104f2176d8c314,12972
b9627cebdbefab957a1297a067bfd4a3f0237cb37c6af0639d44df2227e653c6,12970
941b6d9604222d82d9f1ccb3c069a4fed3750069313b7d5172147f0c7843ee34,12968
115729ba90fd950bcdd252b573c9c7247e020c6d35dcf4122704ec3aaf899710,12966
b484e23e5388cf58327a7342049b004c126bed23edb3e49310d2019d2d4806a8,12966
dbff4a8d66628b09dde3af64cae526956a8a9c50764c220ee14efaa51aa398d6,12966
72f589a7767aa4e25d277ad8b5f8b90041732592b2b78b80542935a8befbc7e3,12960
3a5948815a7c975b38da8d47da36c069e020e81ed530cd22fd362d029350d7d4,12954
d9ab405d36382aa772c235c968a6e691de47ba9f0378de4464f5afc2767d912d,12946
0de8f676794230e10fc3e48d5538cf4067a88a8eee82f2f5a91482a5ce48257b,12942
6821b08b6d46b583dae3bee0baa736729d2b4262b537fc28835895e78f73fc8c,12796
28facf3d617f4ee28195df2355a9cd303c1c94f61481803a15cb7ce71b6fea85,12050
26bc039255ded23fe8f470dd4b481f7a44a016aa7824ce938325e5b605bc7c76,11962
65a97d135803ef89e0a5ac37460550edb94da03c82f2c6ab8d7bb1778b3db872,11694
016bc7543c292283120ae3c486ce7fa68b72cde59f13a289f1649fbdcb18ae81,11536
17416a2a9867a0074d398bb5ff053545853473911a736fa9c5058a68e6e13e51,11536
7005e5740a4cff4c023ad8be86c894f66ae04b917a63267f4bb23b64b0e8150f,11536
75dfd0b578925aec21fbb339376281ab8f0f31b4fc4afedf68da7c20b84e4091,11536
89871cdf5bf2ea4efe793293bc2b0c0e966afabbb8e56adbc5c6fb3ecc9fe43b,11536
976eca8153c2a70a1cc0ff9a7ed13d608bb28e0a4c88fabd58ebce3f8b901268,11536
a4e4889c88474d777f3545211ce7dd65e9d2c4bc91296296513864fd7c676550,11536
c08ffbd23a2b6019f635afbb9ec79aef16490c69988921db0aca1158c6577155,11536
ef705a5321c00c5c50888d21f28d1ca2ec22af6d3d4046f2d8edba9473765a0a,11536
f2d285fe856e974249429358f063c713d71d35a0673ad193bb975216f56659ae,11536
9aba13549a688c9f601e06a925e6f1e51404370cd02c0e8d61d225e51cd3d11c,11532
3dce9b9137f4bd3bba8b9fa7ebb8a393fe66b8971670e09a01110847e1f5c999,11528
6d75f979b1bfa83441a5eb622fd6ea50a71e0427fcbc66414f45910bfcb1806a,11528
8ddd4272e266357eb5f865b20d017db0588d6a2de6f5f021c62375fbe1503600,11528
bac51f37caf98920a2aafc2d12d790d4a9fc85069ffdffdc8f01879a7899c1b1,11528
36c59eeeab2c62115c3fb44b5496b62c9bc57549099252a32dce79002ee0eaa1,11522
a4ac8f615d6e15712926dcecc959bf3721c0001f138bc7c99e00f46f022320e5,11522
0238a9ccce843de4f89c757f5a435658d92defc22ca53c32aa8aecce370a69ff,11520
3d9ee4247a38b58f91303432b403991f78b43d12768e961056e8d392f88508ce,11520
69d01ede4b62d20fb0e40494e6bf0d0303cecfeeb26ea45114db9a1ec4384023,11520
c57d8972107118dd6ffd6e93069dd98c782e07c1445bb27236d99cfde7c700cb,11520
10018397f0f6aea65bcb670e7a37766ff149d6faf37eb260414f14371c6dbaef,11512
687c84056f2141dcdf79c92a7d940d504e12dc39c08e9aca353b8c341746049c,11490
4927591daf7393333d113251052ec94148e2d69722006509434fd5dc19da90eb,11424
1f988131b70581434af6ae0c5e8e220c5b107aaf13d9eda2570c28e162e992b2,11404
6a1bbe8d7b9673269faa12be1fc272b2e08771c706a49219460dc3ddf54d0a20,11190
9dcc66c9b7f941cf4cf84bbf02e666e012cec5c589d9baa348d7c109780a3405,11152
f3de421884c16d3ecf3215c05365d7cbe0c768e5ccf487f716403392184102da,10610
d2eded861edc4950ded586227c605416c113bc947bc4158abf706f5b757945b8,10530
94c3ccfb00f5b4333e81b08e3bd94b5b4154676dbffb9a6f54e51813804ecf3c,10094
6605458d2b02e5f31c2dcad288c0773fd4da2892e2b4c4e3c9e6d3f767c6370e,10026
5850621f543d3b2fa49c4e40cd71d2737865c5a098dd4af1be6832d99c6f550e,10000
3b30792ee8947e46c8caa9375d09e15e238299decada429a96a7892c7984e2a0,9492
136604d8e316deac94bdfa908067d7194c71ef74f5f605a2f8bf1813dc02a54c,9100
3203f1685617b0fa5f4c2508d772ef8da63a04d06a952475d76d2e1e0a967086,8652
333d59f676aa601bd911cb82d5aaad437033fd8ac8ef284ac995a1097ee490db,8652
336f2152b84445c5cd95d5c5fc7cbf8515195af4ed0e992955b53677e586ff30,8652
57aebee9555ff56f0b6eab3050865ee6da58d4eaeaf5ba9fdb53a54a2ec963f6,8652
6ec348b2672d73f9c723c91f48752579c2bc15079cdac6784d5b6a95625242ea,8652
85c93ab8143889c328b79fe99f5e7477b145884a117b2be4e7165d8e1a2aa9d1,8652
871ca998dd624b8a75130aa02d1f5602d4c4f7c9768891ab03ca60a400c4312b,8652
94c9b7a7033fc0c4373b176e4942c7b16d02929c90922916f7769a8dad259b93,8652
b5c7fdc3fde819256d4bb7a938a22cf0c16837963a2e1aa85e1e5b2fc45becf1,8652
dd3cae9b191af889beead67ee486bfbdc51ddbcb9ffd43b08c57dd26c3e7b5f8,8652
ec79d81774d7601a14536c72f2b78807f0670cda76a3945e113699fa302b01cc,8652
a965c6e142b98d8b1f3a777de78bf39c616b1f5b60d9875da2085e51f97c9c43,8648
cd5b752879901278b523c2fa60b50d57ea49aff28da4d797eb85d711b9ef6d17,8648
c9521ee6a0f20586c615771a79a0d52e3f81c94baaeb3315df4ba3e880e11ffb,8644
dab60689d5ae1e609bdeb4739110f2bd2ee695913c4be70c46922e2a331bd200,8644
47caaaf79749a5f74ab414f809b53e60384846fc4529e5476faa80a86fcd3c67,8642
b4e82caf94725f07063dd849e0bbae4197a9c2655af03e2273babd201ffd651f,8642
071516f1585a56a867d574810a0848cdcf7810690cb92e6b83e84c022f09dbc9,8640
17066bb44639ae88e7d4b3d01d5f2061f87c20efcc4d998685a03a1d30fe799b,8640
70672ab9176f6d478c82fb49225e20e719802a38bb41f95ddd2622f722d81ddd,8640
b00cd3b1d9c52064b4baaf5fda10c8ec2c501e29757f88ce8e8870fb31d5db80,8640
db8759319bd5ea1f4a6a2437cb94f5c5c9833f1cf5202182bbddfb9a286f84ab,8640
47cf5270809aee54bc0bd19f630be03fdfbd3b62317a42025991429102e855a5,8636
793f4e9a08d4404c0d6c77428aeec33b1cf918508aa9c70cf92ed5dd10e779b8,8636
56ef1e91f6b4802d76c426eb605635a23881b9e51b89cea63fc96bfe997a0c10,8628
dfa7bca50aa4c522d676e7a7f551d9bc01db30c202617f3a4fefda04f7490802,8594
a8241967fd45d376be739a2ceaccdc8eca6b6b025f9003564d727fffef141c8d,8304
f4017623130a3d63f20050054d1ee61935be091eaf733a4704f9dece3e3bd4f4,7648
19fe9adcd5e97e11f57b90f79fe2a3f3717bb3941f98a81a1e2df6773e086018,7466
5784d79c5ec0a4c5f80ef85fffb634b723cf038a1c816cfd5d4d8e0c404bc63a,7210
102b47e874550d78afd189636988c1be2ed0501850023a21dca4579fd48dbb66,6940
6b9309a4286ffb66e3d86fc5cc122b2200d2baf7fa7a1d17c8139fcc55511000,6894
e74e94f4366a55fc7319320b28697b8aae4ab474d627fd2decd2c30bd20f39c1,6892
e845cc423a676d6789697de9ca283b123e4c846b0a3246067487be792a57f74b,6672
0d834beba445090babbd91431a5b103fb8237a6bbeb0efc3c804a8c7501856b4,5826
1d9765a0d9a52d8fb4802b6ab72d3d1e0fc465a835ae960cba7b6e1af2c6bea8,5768
290e3318591294009a73e1d6353ef3ee5bbb32c8be8be952a9c56c472051f494,5768
29c409d20f478a0c4cc7b644ae92a7161ce73e72a9d4c5711109b77aada30243,5768
29fb3bf11f34937724e82904ab53dd775b99e9ef2212527a234518343c4b3df9,5768
47dd43f416a703ec272cd379af860cc1178b203f7d0b28c5954f2aeb55a3c453,5768
6f639e16aba857462d1326154890989e23b4d326a5b0dd567d36c6be41e95b6d,5768
7a93a8515ff9ebeb16d5af89517dc2778e0be26f3fbc24a8da743528d61cafce,5768
974913ca2c578543b38ab14cc4e39f9061bff8b535ce16ec8a7d663e9ca18742,5768
a2724c7771e150396d16f435c26254890792d1eae36dbbced7b68eae1941aa91,5768
a3c9437f81a11254ad6b41e4d3e976095f3662fa35c539f223b99d288604a906,5768
c62e7ecdb88f1e7015e7b5fbd89a86442a219c09fe1eaa76c10178a936a11c9b,5768
fa0a853d75a2227641a37861b97814dceca78ab7e0bba2f729126adf9c57e21d,5768
d83d222a26ba4a9c4d68d35a896870288d86f8ad6e24624d78c0f66a193c5343,5766
1bdd3355a89c6f633f8802ba6b8c7150353fc483b54af655b73c1cab15769b8b,5764
5988f26e7aab5d9f6750ee01556cf6e37d3687c58abb2ff4804afbc7fe273793,5764
76699b43ae0777cc5f9e2f54a30bf0fc116bd8d3aff3463158a88cb6d4d762ab,5764
8f6c3d1bb05052fe8e7f96f03bebab067279c8c5f449f3267869bae30e3195d1,5764
bec31d4613350060ffe7c0519d586fb694346945a968e24f0bc2cc9d830f23ca,5764
c7d5d13e2e7fb25356ee13c92b1fe045559850030083074e110c6efab948a410,5764
2018b6e5f85185149391c98864ac348b7805e339fed3945a11d7f283ebb3126a,5760
c20c13c28bc5285e46ff974370ee18617886a6d0aebe5c1b3ab935888aee53ca,5760
e444855c3e5daa24f6ee19dc0f4aabd7877a91040a7c3f7571818b14d13377c6,5760
dccacd558ca56ae655fbfc8914f322b468f071db1fade7285688371cdf6badff,5756
023dafdeedb078b247b2ea04a8cf38b1c3c6f74cb808fd25fd4f842adf729c19,5752
72c9c87f9ef74719bb6b6175d5fbb96b5cd67d42dd07fd703cd31501a004eab0,5744
2455b8d035d5b8a4fdaf2cd0d5c84b36d7d2df1f4897bfeaa597a6cc22ee64b0,5742
f5175355450587bcc6de6b9e88ff5ee9ef46555f20c97b209d284ad99ec405dd,5732
9896bc5e7e7abf5854841d3861af961ceee47efc4b5b835d7067d19f8075b099,5444
a0ae512b96236bf8c9253aad228547fa108c418a9260a2722a4f2ae2316d0213,4366
0140a96e5b13c34274963da7712bb464f77bb4f5b34a5a0024665db0d0f5b320,4326
2e349494c91bcbe23d46f415624d74b684f8d9978e1a33e42dc0e449cf3743af,4326
4415afe7150a0a7c64d23be5fb00e7d58ee08b226b6b803d0a6442f29723b3bf,4326
8415dc55e628ed68c5ded53ed874149ea0eed393cbb64dabc967eb6f877749c0,4326
977e5b2f903e41189ecb3947c893ff4573461e89d969809e8e506b953766998c,4326
a419984eef645dc38e7f9b9984dfa769f8de6a6eb1bb26a7a88d503f205a9b2f,4326
ada16a814d720316b5ac876296211b26197683cb81f0b7f86875a4d6f7ff8383,4326
ca4f7e3ecd5d82d55ccae6e18e0a752b4a3c018e1ff2cca5f33a1d83f3ce8ade,4326
d3a3779104c9fd60f6fb27b4b02d04eb0c2ef56b43863ceb487849661a482232,4326
d61621ae51048ed1eaab2453f3ea13a608e11a81c09264c15a6d1e2df7bcf0c9,4326
606d6e3c8c72746fee014fd2ba8d12f469f1a45854a91863c7e8c8da31fc55fe,4324
a2b5de7109d90a337522f6a0876d33b52eca1cc72f49225bcb90459279af9f4b,4324
af00b6c9a391f51fb192972f11f778e60d0fbfc2b2e305c7023d1cb80d956687,4324
f3b969e011509059ff070fe93ba7fa622ce15402e5ab2ef82c45628f8730534f,4324
a7b47e1150afbc523b43766e0d44342d5232778cba9be114e2b91f02264644fb,4322
e5b6cadae6eaa8e435989a5db1b4195b06d691e9e649540858ac45ab9acf6c06,4322
9bd0d1941acb95ca1e9c97dfb8a4a43d71dd098a762c3bc0c37386be76ce2afe,4320
df84997ab2de3dc65e14896a93ac5fcd5dde041d5a95df2e72402ae561777388,4320
6c46ce6d6110a0de69b6d920adec1608cd320bc2676e9bb7576b05ff197c4978,4290
7f5d90cc7e452df955bcdac086de299b46607d79541ca2816d20c5819fe616ae,4286
a9bca512bdab23f61082871fb52879f5bec93ae016d171b7cb9bc4f02dfe2637,4284
0212603c01b6e87062be10fda8c4ca637727232239b98afb2b2938fa79af4c0e,4282
0b5a8b80b33d99d2bd4a901656106a7e57ad11a985dc5fac626cad1f57da3cfd,4212
72d5d7092ca2b1115a8b09ca396b852efaeef5cfc2bc4bd86294c75a0e7b6aee,4126
5fb10dd4023bfc7cee8441fb567792f66b69d8e781af487cadbbbd49d57c5914,4078
75ba50ca9052738a534662d31f3be096c4a31f667aee9877521716bb7723e9a9,4008
226641814b15d2ab11f9c6cb2a30398bee1877f7890b35bcfae4f17b015bc98a,3804
005f4852256d09efba0aaad947173fe8e4d615bcd0e43ed0b50722f5c493dd79,3340
f802dfff66e2a8253606de34978d9cd8d24e537bb96cf913644281750d95525d,2966
73eab0278dbf5ccb67f1c303b0770627c6223871c4874f31cdb3dffaee54ac18,2884
8828953ffd50880b71878c2afbba7bf09bbe93821cc8a9292fffa96d18953edf,2884
944df25c5acb0211a3ed6908a24894de60fb6b5bb4fe412ccd6315fa9067caa5,2884
97b3d445939348a313346e78c4672597e13fdbd877eca5388c5e30da13927233,2884
a99b769b77fa9f6d3a13ac378f539237c1bc8adfdd1d37519bdd24ceaa5bacd5,2884
dbb17aa47e7f04fbdc54b3d99b302c85c2c3bb1dd08d9248e6ff554de6b0e3c1,2884
fd9d4a720f4cd92a9ca13a702fd936951a3300edfb7cbcfb06cbbbdd63134524,2884
0bc6127485b79b8de971de140128d1976cfe474549377e8bafa73ff040d4458f,2882
292d34eb21e6e4980dda5d780f8012cbf92798c91d29699dcc8616e03655b762,2882
3bda5bca9089d7b80b2776815070fa3aaeef1fc00a7e0b9b515c8fccf3ff9a25,2882
ec1b77785b06d7caf9c4a571ac5a122e2199ed2c3168058c127b4b9e82da3248,2882
0e196e772ff517533a7396537ab970729fbbc9ae2f5685b4e38ffcd9b185d392,2880
51cf4cada83b070901acf7c13880bdb23d9e64c64945aac982712cbb8087ddd0,2880
96533676a21ecb89cf177d4be429cb1b081c082f8ea371c430fea9053284bb71,2880
cd15e277536a82697e10dd402532ebec8082bd865dcb18c45bff323dc154edac,2880
4118283a349ccbb154fcbe5d62390b6a83f1bb68219577b40590320c5b805f34,2876
79e0e79178f36d6345d3bd1c4dd77e5e9e821541b468b12f0b6ad9ed1153b37c,2876
e760af98a5f668daaa9401f6b2b049966722aee659e3bf7b9a2700d109273c5f,2872
edd5edf6fabedb37dc011f2ff1dea0a07350815be8361d081e3e513332c13749,2872
fc2c0adee4b8d74445b3cd282fba3c31197bb4635504be819c513fad92f7735b,2870
87b7f675ffe78328a87594f4a082a3b47dbc4aa47cebdc215df3bb04433cc03b,2858
cfb05d1cd881a32a11468fa4699ed928de27b63e713e09d5f5cebd5bd2af388d,2858
8f58710e20c880a75fdc0acfbc4aec72ebedc771131b6452d04938b7d7788057,2740
11a9f91cbf1c422d4b1cba92c4c0fa92bb961ee84d58f910d85a7e3fa5f3d693,2694
2071f78e471c8f8d5d522f6fbc07e3f3ed532154bfaec6b7e276cc53d9d4b0a0,2650
aa92297aa231c7569672878fa77d58298868ecea6a7a736959a194184694f3e9,2302
dc334ccc515468986795752231adeea494726f9ce63460eb1662ee82d21de0a1,1794
006b06cb465b49d445eedd2af00ddd56fbef9ddf72fe091d06baa0cf4dfe920a,1792
b26688ada78289b2f7de845503ef53e6e08a002626a4b9a6ed0a0313566be61e,1442
c16b5828cdf4b7fbfeb81cc35005639e13b79c3c4eb3f21f179d7929c1ec62ec,1442
c85b8840fd1d284f256bcec148cbf76918f6cc673e202f9c0e7a7da5b7ad22c0,1442
d4ef78eb4c7a9dd74e6aa15792417dce6e63587b8ecc1588d3ad23554c4eb180,1442
8d89e3540a04a34e6b1a314841b46aa4c1c4cb0fc4818a82515cd98ad8ef7f4f,1440
a5cb4c5ddf4a5658ac6128fe5b256579d2fdb22d2958468ace7163cdc70c2490,1440
5ef671a7799d52d75c5c1b87d3542b5619c0ca7c9b3d80403452cbfa043ac25d,1438
c0d31f39e2b8adfd6180b847d57a582df389a700137331ebc32b00e80d9aa033,70
fd2c732ca68996be1acff4e8a489452f74eb3cb5b9aaf71c73470c2be488dfe2,18
